##BLOCKS= 1,,,,,,,,,,,,,,,,,,,,,,,,,,,,,,,,,,,,,,,,,,,,,,,,,,,,,,,,,,,,,,,,,,,,,,,,,,,,,,,,,,,,,,,,,,,,,,,,,
Plate:,Plate1,1.3,TimeFormat,Kinetic,Absorbance,Raw,FALSE,97,86400,900,,,,1,600,1,12,96,1,8,,,,,,,,,,,,,,,,,,,,,,,,,,,,,,,,,,,,,,,,,,,,,,,,,,,,,,,,,,,,,,,,,,,,,,,,,,,,,
Time,Temperature(¡C),A1,A2,A3,A4,A5,A6,A7,A8,A9,A10,A11,A12,B1,B2,B3,B4,B5,B6,B7,B8,B9,B10,B11,B12,C1,C2,C3,C4,C5,C6,C7,C8,C9,C10,C11,C12,D1,D2,D3,D4,D5,D6,D7,D8,D9,D10,D11,D12,E1,E2,E3,E4,E5,E6,E7,E8,E9,E10,E11,E12,F1,F2,F3,F4,F5,F6,F7,F8,F9,F10,F11,F12,G1,G2,G3,G4,G5,G6,G7,G8,G9,G10,G11,G12,H1,H2,H3,H4,H5,H6,H7,H8,H9,H10,H11,H12
0:00:00,37,0.0936,0.0867,0.0874,0.087,0.0869,0.0871,0.0873,0.0875,0.0872,0.0867,0.0861,0.0861,0.085,0.0945,0.0963,0.0985,0.0967,0.0965,0.0955,0.1005,0.1001,0.099,0.0853,0.0853,0.0854,0.0942,0.0988,0.0964,0.0971,0.0985,0.0982,0.1011,0.1004,0.0976,0.0851,0.0853,0.0856,0.1008,0.0997,0.0997,0.0861,0.0847,0.0842,0.085,0.0864,0.0862,0.0853,0.0869,0.0849,0.0933,0.0964,0.094,0.0978,0.0944,0.0963,0.0963,0.0975,0.0958,0.0854,0.0857,0.0881,0.0959,0.0946,0.0942,0.0969,0.0962,0.0946,0.0954,0.0964,0.095,0.0858,0.0857,0.0859,0.0878,0.0856,0.0893,0.087,0.0884,0.0896,0.0886,0.0871,0.0861,0.0863,0.0868,0.0859,0.0866,0.0872,0.0868,0.0889,0.0938,0.0869,0.0868,0.0866,0.087,0.0879,0.0869
0:15:00,37,0.0936,0.087,0.0872,0.0867,0.0868,0.0871,0.087,0.0876,0.0869,0.0869,0.086,0.0863,0.0847,0.0913,0.0933,0.0951,0.0941,0.0935,0.0932,0.0982,0.0964,0.0965,0.0851,0.0854,0.0854,0.0921,0.0946,0.0933,0.0934,0.0941,0.0941,0.0968,0.0959,0.094,0.0851,0.0852,0.0852,0.0963,0.0957,0.095,0.0853,0.0844,0.0835,0.0848,0.0863,0.0857,0.0852,0.0871,0.0845,0.0899,0.0929,0.0909,0.0948,0.0918,0.0931,0.0929,0.0943,0.0921,0.0851,0.0853,0.0879,0.0924,0.0921,0.0927,0.0949,0.0929,0.0928,0.0926,0.0941,0.0928,0.0859,0.0853,0.0856,0.0875,0.0857,0.0899,0.0868,0.0881,0.0895,0.0889,0.0869,0.0865,0.0862,0.0868,0.0855,0.0865,0.0878,0.0874,0.09,0.0944,0.0876,0.0874,0.0873,0.0877,0.0881,0.087
0:30:00,37,0.0929,0.087,0.0873,0.0869,0.0867,0.0868,0.0869,0.0876,0.087,0.0867,0.0862,0.0861,0.0846,0.0914,0.0937,0.0954,0.094,0.0936,0.0929,0.0984,0.0971,0.0965,0.0852,0.0854,0.0854,0.0921,0.0958,0.0934,0.0934,0.0939,0.0942,0.0969,0.0952,0.0933,0.0851,0.0854,0.0853,0.0961,0.0953,0.0951,0.0859,0.0845,0.0839,0.0849,0.0862,0.0861,0.0853,0.0873,0.0848,0.0894,0.0928,0.0907,0.0948,0.0914,0.0927,0.093,0.0937,0.0916,0.0853,0.0854,0.0879,0.0921,0.0912,0.0923,0.0947,0.0926,0.0921,0.0923,0.0933,0.0925,0.0855,0.0855,0.0859,0.0878,0.0861,0.0898,0.0873,0.0883,0.0898,0.0893,0.0871,0.0866,0.0863,0.0868,0.086,0.0867,0.088,0.0873,0.0902,0.0939,0.0877,0.0878,0.0872,0.0877,0.0883,0.0875
0:45:00,37,0.0934,0.0875,0.0874,0.0871,0.0868,0.0872,0.0874,0.0876,0.0871,0.087,0.0861,0.0865,0.0847,0.0921,0.0944,0.0967,0.095,0.0945,0.0937,0.1005,0.0985,0.0981,0.0851,0.0854,0.0858,0.092,0.0953,0.0936,0.0938,0.0947,0.095,0.0973,0.0964,0.0936,0.0853,0.0855,0.0852,0.097,0.0966,0.0952,0.0856,0.0847,0.0842,0.0851,0.0863,0.0861,0.0855,0.0876,0.0849,0.0895,0.0928,0.0908,0.0952,0.0922,0.0929,0.0929,0.0941,0.0919,0.0854,0.0857,0.0876,0.0921,0.0913,0.0921,0.0942,0.0924,0.0923,0.0923,0.0931,0.0925,0.0855,0.086,0.0859,0.0875,0.0857,0.0897,0.087,0.0885,0.0894,0.0887,0.0874,0.0864,0.0857,0.0867,0.0862,0.0868,0.0876,0.0874,0.0896,0.0941,0.0874,0.0871,0.087,0.0876,0.0881,0.0872
1:00:00,37,0.093,0.0874,0.0872,0.0869,0.0869,0.0871,0.0871,0.0871,0.0869,0.0867,0.0862,0.0862,0.085,0.094,0.0963,0.0992,0.0966,0.0964,0.095,0.1031,0.1017,0.101,0.0854,0.0856,0.0854,0.0924,0.0961,0.0943,0.0942,0.095,0.0958,0.0979,0.0973,0.0942,0.0851,0.0856,0.0854,0.0978,0.0969,0.0962,0.0861,0.0848,0.0842,0.0851,0.0862,0.0865,0.0855,0.0876,0.0851,0.0901,0.0941,0.0912,0.0967,0.0935,0.0946,0.094,0.0952,0.0926,0.0854,0.086,0.0875,0.0925,0.0911,0.0922,0.0946,0.0927,0.0922,0.0926,0.0939,0.0933,0.0854,0.0855,0.0861,0.0877,0.0862,0.0899,0.0873,0.0886,0.0898,0.0892,0.0875,0.0867,0.0866,0.0871,0.0866,0.0873,0.0878,0.0874,0.0898,0.0948,0.0879,0.0879,0.0878,0.088,0.0884,0.0876
1:15:00,37,0.0932,0.0876,0.0876,0.0868,0.0872,0.0874,0.0874,0.0878,0.0874,0.0864,0.0864,0.0862,0.0848,0.0974,0.0992,0.1027,0.1,0.0993,0.0978,0.1079,0.1074,0.1061,0.0853,0.0855,0.0855,0.0927,0.0975,0.0948,0.0952,0.096,0.097,0.0995,0.0979,0.0951,0.0851,0.0854,0.0855,0.0986,0.0982,0.0972,0.0861,0.0847,0.0842,0.0851,0.0865,0.086,0.0854,0.0875,0.085,0.091,0.0949,0.0922,0.0985,0.0953,0.0962,0.0956,0.0966,0.0939,0.0856,0.0857,0.0878,0.0929,0.0912,0.0924,0.0951,0.0929,0.0924,0.0938,0.095,0.0945,0.0858,0.0861,0.0861,0.088,0.0862,0.0903,0.0873,0.0886,0.0901,0.0894,0.0877,0.087,0.0867,0.087,0.0869,0.0871,0.0876,0.0879,0.0895,0.0942,0.0879,0.0879,0.088,0.0882,0.0883,0.0875
1:30:00,37,0.0926,0.0872,0.0873,0.0871,0.0871,0.0869,0.0873,0.0876,0.0868,0.087,0.0861,0.0861,0.0848,0.1062,0.1077,0.1113,0.1091,0.1064,0.1037,0.1216,0.122,0.1207,0.0857,0.0854,0.0856,0.0948,0.1003,0.0967,0.0983,0.0994,0.1005,0.1033,0.1036,0.098,0.0852,0.0855,0.0856,0.1019,0.1008,0.0999,0.0859,0.0848,0.0841,0.0853,0.0866,0.0862,0.0857,0.0877,0.0851,0.0919,0.0962,0.0932,0.1015,0.0977,0.0992,0.0981,0.099,0.0955,0.0853,0.0859,0.0883,0.0935,0.0914,0.0931,0.0959,0.0937,0.0931,0.0959,0.0971,0.0965,0.0857,0.086,0.0863,0.0878,0.0864,0.0899,0.0877,0.0888,0.0899,0.0896,0.0877,0.0871,0.0868,0.0875,0.0864,0.0874,0.0882,0.0877,0.0897,0.0948,0.0882,0.0879,0.0878,0.0882,0.0887,0.0878
1:45:00,37,0.0932,0.0873,0.0875,0.0874,0.0873,0.0873,0.0878,0.0877,0.0872,0.0872,0.0866,0.0865,0.0852,0.1203,0.1222,0.1256,0.1231,0.1202,0.1178,0.1373,0.1359,0.1346,0.0856,0.0858,0.0859,0.0976,0.1069,0.1006,0.1043,0.106,0.1065,0.112,0.1124,0.1048,0.0854,0.0858,0.0858,0.1072,0.107,0.106,0.0861,0.0851,0.0844,0.0853,0.0865,0.0865,0.0857,0.0876,0.085,0.0935,0.0983,0.0946,0.1054,0.1018,0.1031,0.1021,0.103,0.0981,0.0856,0.0856,0.0876,0.0949,0.0922,0.0939,0.0967,0.0938,0.0937,0.0984,0.0996,0.0992,0.0859,0.0858,0.0862,0.0882,0.0863,0.0902,0.0876,0.089,0.0902,0.0893,0.0879,0.087,0.0873,0.0872,0.0866,0.0867,0.0882,0.0874,0.0888,0.0946,0.0878,0.0876,0.0875,0.0878,0.0884,0.0873
2:00:00,37,0.0928,0.0871,0.0885,0.087,0.087,0.087,0.0869,0.0874,0.0871,0.0869,0.086,0.0862,0.0847,0.1345,0.137,0.1377,0.1364,0.1332,0.1318,0.1506,0.1496,0.1486,0.0855,0.0857,0.0856,0.105,0.1174,0.1079,0.1115,0.1129,0.1166,0.1207,0.1215,0.114,0.0852,0.0858,0.0857,0.1149,0.116,0.1133,0.086,0.0849,0.0842,0.0854,0.0865,0.0864,0.0858,0.0875,0.0848,0.0959,0.1032,0.0972,0.1128,0.1094,0.111,0.1086,0.1093,0.1021,0.0856,0.0858,0.0877,0.0956,0.0942,0.0943,0.0977,0.0947,0.0942,0.1018,0.1033,0.103,0.0859,0.0858,0.086,0.088,0.0874,0.0902,0.0872,0.0882,0.09,0.089,0.0877,0.0868,0.0866,0.0874,0.0868,0.0873,0.0894,0.088,0.0896,0.0947,0.0884,0.0883,0.0884,0.0885,0.0887,0.0878
2:15:00,37,0.0927,0.0872,0.0875,0.0879,0.0868,0.0872,0.0871,0.0875,0.087,0.0869,0.086,0.0862,0.0851,0.1476,0.1481,0.1517,0.1484,0.1457,0.1441,0.1645,0.1627,0.1622,0.0859,0.0857,0.0858,0.1138,0.1234,0.1177,0.1199,0.1217,0.1235,0.1305,0.1319,0.1237,0.0853,0.0859,0.0856,0.1239,0.1226,0.123,0.0862,0.0849,0.0845,0.0855,0.0866,0.0865,0.0855,0.0878,0.0847,0.0999,0.1079,0.1032,0.1229,0.118,0.1201,0.1182,0.1181,0.1088,0.0858,0.0858,0.0879,0.0974,0.0935,0.0968,0.0991,0.0955,0.0953,0.1106,0.1105,0.1102,0.0859,0.0862,0.0865,0.0879,0.086,0.0916,0.0874,0.0888,0.0901,0.0893,0.0878,0.0873,0.0868,0.0873,0.0865,0.0873,0.0882,0.089,0.0895,0.0943,0.0879,0.0881,0.088,0.0882,0.0885,0.0872
2:30:00,37,0.0928,0.0883,0.0888,0.0882,0.0868,0.0876,0.0876,0.0879,0.0871,0.0866,0.0864,0.0866,0.085,0.1588,0.1588,0.1621,0.1597,0.1563,0.1556,0.1751,0.1729,0.1721,0.0857,0.0862,0.0855,0.1242,0.1342,0.1265,0.129,0.1311,0.1327,0.1414,0.1437,0.1345,0.0855,0.0858,0.086,0.1338,0.1327,0.1321,0.0862,0.0851,0.0845,0.0857,0.0867,0.0866,0.0857,0.088,0.0849,0.1076,0.1179,0.1092,0.1297,0.1257,0.1285,0.1261,0.127,0.1176,0.086,0.086,0.0876,0.1003,0.0963,0.0975,0.1007,0.0967,0.0966,0.1202,0.1209,0.1217,0.0859,0.0858,0.086,0.0893,0.0874,0.0912,0.0874,0.0889,0.0901,0.0894,0.0878,0.0873,0.0869,0.0873,0.087,0.0888,0.0893,0.089,0.0893,0.0949,0.0887,0.0885,0.0885,0.0886,0.089,0.0882
2:45:00,37,0.0927,0.0886,0.0887,0.0882,0.0866,0.087,0.0872,0.0878,0.0868,0.0868,0.0864,0.0862,0.0851,0.1695,0.169,0.1731,0.1705,0.1675,0.1662,0.1872,0.1843,0.1845,0.0857,0.086,0.0858,0.134,0.1437,0.1358,0.1391,0.1434,0.1441,0.1535,0.1561,0.1451,0.0853,0.0861,0.0858,0.1433,0.1426,0.1424,0.0861,0.0852,0.0846,0.0853,0.0867,0.0866,0.0856,0.0882,0.0852,0.1147,0.1262,0.1166,0.1357,0.1312,0.1351,0.1322,0.1325,0.1249,0.0856,0.086,0.088,0.1026,0.0973,0.0994,0.1027,0.0983,0.0982,0.1315,0.1292,0.1317,0.0859,0.0862,0.0864,0.0894,0.0875,0.0917,0.0877,0.0892,0.0903,0.0893,0.088,0.087,0.087,0.0878,0.0866,0.0882,0.0891,0.0888,0.0897,0.0949,0.0884,0.0878,0.0879,0.0885,0.0885,0.0876
3:00:00,37,0.093,0.0886,0.0891,0.0886,0.0871,0.0877,0.0875,0.0883,0.0875,0.0872,0.0868,0.0864,0.085,0.1768,0.18,0.1829,0.1831,0.1792,0.178,0.1987,0.1963,0.1959,0.0856,0.0857,0.0856,0.1436,0.1562,0.1463,0.1508,0.154,0.1561,0.1669,0.1684,0.1571,0.0851,0.0859,0.0862,0.1535,0.1545,0.153,0.0862,0.085,0.0847,0.0853,0.0869,0.0867,0.0859,0.088,0.0854,0.1222,0.1351,0.1235,0.1423,0.1377,0.1417,0.1382,0.1391,0.1313,0.0866,0.0867,0.0884,0.1064,0.0992,0.1023,0.1061,0.1012,0.1006,0.1402,0.1388,0.1428,0.0863,0.0865,0.0861,0.0898,0.0879,0.0918,0.0875,0.089,0.0902,0.0896,0.0881,0.0869,0.087,0.0873,0.0862,0.0882,0.0893,0.089,0.0891,0.0947,0.0881,0.0884,0.0881,0.0884,0.0887,0.0873
3:15:00,37,0.093,0.0888,0.0889,0.0882,0.0871,0.0874,0.0879,0.0878,0.0872,0.087,0.0867,0.0865,0.0851,0.1872,0.1898,0.1924,0.1943,0.1908,0.1901,0.21,0.2078,0.2094,0.0856,0.0861,0.0858,0.1535,0.1675,0.1574,0.1627,0.1646,0.166,0.177,0.1778,0.1707,0.0855,0.0864,0.0862,0.1631,0.1651,0.1637,0.0863,0.0853,0.0848,0.0855,0.0867,0.0866,0.0859,0.0881,0.0851,0.1295,0.1423,0.1298,0.1477,0.1434,0.1489,0.1439,0.1445,0.1362,0.0858,0.0862,0.0881,0.1102,0.1015,0.104,0.11,0.1032,0.1034,0.1479,0.1476,0.1528,0.086,0.0861,0.0866,0.0893,0.0877,0.0918,0.0879,0.0894,0.0901,0.0895,0.088,0.0869,0.087,0.0878,0.0871,0.0886,0.0896,0.0896,0.09,0.0946,0.0883,0.0882,0.0888,0.0886,0.0888,0.0877
3:30:00,37,0.0929,0.0883,0.0887,0.0882,0.0872,0.0873,0.0875,0.0879,0.0872,0.0871,0.0862,0.086,0.0852,0.1973,0.1979,0.2019,0.2025,0.1971,0.1987,0.2233,0.2202,0.2233,0.0856,0.0858,0.0859,0.1626,0.1755,0.1692,0.1722,0.1732,0.1751,0.1861,0.1881,0.1828,0.0856,0.0862,0.086,0.1721,0.1738,0.1736,0.0862,0.0851,0.0844,0.0856,0.0866,0.0868,0.0857,0.0879,0.085,0.1335,0.1475,0.1422,0.1569,0.1502,0.1548,0.1491,0.1487,0.1434,0.086,0.0862,0.0881,0.1144,0.1037,0.107,0.1158,0.1066,0.1067,0.1607,0.1567,0.1636,0.0864,0.0862,0.0867,0.0894,0.0874,0.0918,0.0875,0.089,0.0902,0.0898,0.0878,0.087,0.0869,0.0877,0.0873,0.0884,0.09,0.0895,0.0894,0.0951,0.0885,0.0887,0.0884,0.0884,0.0889,0.088
3:45:00,37,0.0929,0.0885,0.0892,0.0883,0.087,0.0874,0.0873,0.0877,0.0872,0.0867,0.0867,0.0863,0.0855,0.2042,0.2055,0.2114,0.211,0.2069,0.2054,0.2372,0.2336,0.2366,0.0856,0.0861,0.0858,0.1724,0.1862,0.1769,0.181,0.1848,0.1864,0.1958,0.1999,0.1905,0.0859,0.0862,0.0863,0.1831,0.1856,0.1833,0.0862,0.085,0.0845,0.0855,0.0867,0.0865,0.0858,0.088,0.0853,0.1425,0.1563,0.1427,0.1639,0.1552,0.1599,0.1544,0.1537,0.1498,0.086,0.0866,0.0884,0.1209,0.1076,0.1115,0.1231,0.1112,0.1122,0.1686,0.1681,0.175,0.0863,0.0862,0.0866,0.0898,0.0872,0.0915,0.0876,0.0891,0.0901,0.0894,0.088,0.0872,0.0872,0.0877,0.0869,0.0889,0.0897,0.0893,0.0892,0.0951,0.0888,0.0883,0.0889,0.0888,0.089,0.0876
4:00:00,37,0.0932,0.0887,0.0893,0.0887,0.0874,0.0874,0.0875,0.0882,0.0877,0.0874,0.0871,0.0866,0.0857,0.2119,0.2137,0.223,0.2163,0.2134,0.2135,0.2509,0.2483,0.2487,0.0857,0.0864,0.0858,0.181,0.1986,0.1851,0.191,0.1953,0.1981,0.2075,0.2125,0.1972,0.0858,0.0874,0.0858,0.1947,0.1967,0.1944,0.0863,0.085,0.0843,0.0851,0.0865,0.0866,0.0856,0.0881,0.0854,0.1458,0.1632,0.1477,0.1677,0.1583,0.1601,0.1659,0.1578,0.1548,0.0859,0.0874,0.0887,0.1262,0.112,0.117,0.1309,0.1179,0.1189,0.1739,0.1771,0.1843,0.0863,0.0867,0.0862,0.0893,0.0876,0.0914,0.0873,0.0891,0.0902,0.0893,0.0877,0.0869,0.0871,0.0873,0.0867,0.0885,0.0894,0.0896,0.0898,0.0947,0.0883,0.0884,0.0885,0.0885,0.0886,0.0879
4:15:00,37,0.0928,0.0888,0.0892,0.0889,0.0873,0.0871,0.0875,0.0877,0.0872,0.0873,0.0864,0.0864,0.0855,0.2266,0.2256,0.23,0.2264,0.223,0.2216,0.2644,0.2605,0.263,0.0862,0.086,0.0861,0.1897,0.2122,0.1948,0.2012,0.2089,0.2095,0.2201,0.2258,0.2054,0.0856,0.0865,0.0863,0.2064,0.2101,0.2062,0.0864,0.085,0.0841,0.0855,0.0866,0.0868,0.0863,0.0881,0.0855,0.1499,0.1715,0.1523,0.1797,0.1689,0.1686,0.1676,0.1673,0.1606,0.0863,0.0891,0.0883,0.1311,0.1166,0.121,0.1406,0.125,0.1274,0.1832,0.1853,0.1936,0.0864,0.0862,0.0866,0.0896,0.0877,0.0916,0.0874,0.0891,0.0901,0.0893,0.0877,0.0872,0.0871,0.0877,0.0867,0.0883,0.0894,0.0893,0.0895,0.0947,0.0885,0.0886,0.0886,0.0888,0.0887,0.0879
4:30:00,37,0.0931,0.0891,0.0892,0.0887,0.0871,0.0872,0.0877,0.0877,0.0875,0.0874,0.0865,0.0866,0.0856,0.2328,0.235,0.2437,0.2369,0.2342,0.2327,0.2799,0.2734,0.2763,0.0866,0.0861,0.0858,0.1991,0.2238,0.206,0.2138,0.2208,0.2218,0.2336,0.2395,0.2174,0.0861,0.0873,0.0861,0.2186,0.2214,0.2184,0.0862,0.0848,0.0844,0.0853,0.0865,0.0868,0.0857,0.0879,0.0855,0.1536,0.1761,0.1585,0.1884,0.1818,0.1828,0.176,0.179,0.1735,0.0856,0.0883,0.0883,0.1369,0.1227,0.1274,0.1487,0.1324,0.1325,0.1943,0.1964,0.2028,0.0863,0.0863,0.0864,0.0896,0.0874,0.0915,0.087,0.0888,0.0899,0.0893,0.0875,0.0872,0.0875,0.0883,0.0867,0.0885,0.0895,0.0891,0.0892,0.0949,0.0884,0.0884,0.0882,0.0884,0.0888,0.0876
4:45:00,37,0.093,0.0889,0.0892,0.0885,0.0871,0.0874,0.0873,0.0874,0.0872,0.0873,0.0864,0.0863,0.0859,0.246,0.2461,0.2526,0.2505,0.2458,0.2442,0.2893,0.2851,0.2861,0.0862,0.0861,0.0861,0.2091,0.2357,0.2158,0.2248,0.2319,0.2324,0.2463,0.2522,0.2286,0.0858,0.0879,0.0866,0.2294,0.2334,0.2311,0.0863,0.0853,0.0845,0.0854,0.0867,0.0867,0.0862,0.0886,0.0856,0.1612,0.19,0.164,0.204,0.1964,0.1913,0.1873,0.1923,0.1875,0.0865,0.0878,0.0883,0.1434,0.1275,0.1338,0.1553,0.1403,0.1432,0.2012,0.2032,0.2108,0.0862,0.0875,0.0869,0.09,0.0878,0.0915,0.0875,0.0891,0.0903,0.0895,0.0877,0.0873,0.0871,0.0879,0.0867,0.0884,0.0892,0.0888,0.0892,0.0948,0.0883,0.0882,0.0882,0.0883,0.0889,0.0878
5:00:00,37,0.093,0.089,0.0891,0.0884,0.0872,0.088,0.0873,0.0877,0.087,0.0871,0.0865,0.0865,0.0859,0.2536,0.2567,0.2649,0.2596,0.2555,0.2533,0.3042,0.2989,0.3006,0.0867,0.0863,0.0861,0.2195,0.2465,0.2276,0.2349,0.2445,0.2452,0.2579,0.264,0.2408,0.0863,0.0872,0.0867,0.2413,0.2457,0.2411,0.086,0.0848,0.0843,0.085,0.0863,0.0865,0.0862,0.0884,0.0858,0.1707,0.2047,0.1756,0.2124,0.2092,0.2045,0.2,0.2009,0.1974,0.0865,0.0879,0.0883,0.1498,0.1338,0.1387,0.1739,0.147,0.1483,0.2112,0.2127,0.2213,0.0862,0.0887,0.0866,0.0894,0.0876,0.0913,0.0876,0.0892,0.0902,0.0893,0.0878,0.0875,0.0871,0.0886,0.0865,0.0887,0.0891,0.0894,0.0897,0.0946,0.0883,0.0882,0.0882,0.0884,0.0889,0.0877
5:15:00,37,0.0931,0.0898,0.0894,0.0887,0.0876,0.0879,0.0879,0.0876,0.0873,0.0869,0.0864,0.0866,0.0858,0.2615,0.2644,0.2721,0.2723,0.2693,0.2641,0.3104,0.3103,0.3115,0.0859,0.0863,0.0861,0.2319,0.258,0.2371,0.2463,0.2558,0.2558,0.2678,0.2741,0.2509,0.0862,0.0872,0.0867,0.253,0.2567,0.2531,0.0861,0.085,0.0841,0.0854,0.0864,0.0867,0.0865,0.0886,0.0856,0.1876,0.2136,0.193,0.2205,0.22,0.2167,0.2119,0.2122,0.2093,0.0872,0.0885,0.0883,0.1595,0.1385,0.1458,0.1735,0.1579,0.1616,0.2214,0.2248,0.2349,0.0893,0.0884,0.0865,0.0893,0.0872,0.0913,0.0872,0.0891,0.0899,0.089,0.0876,0.0872,0.0866,0.0882,0.0869,0.0887,0.0894,0.089,0.0893,0.0947,0.0889,0.0887,0.0888,0.0888,0.0889,0.0876
5:30:00,37,0.0932,0.0903,0.0893,0.0889,0.0874,0.0883,0.0875,0.0875,0.0873,0.0867,0.0867,0.087,0.0859,0.2688,0.2757,0.2851,0.2787,0.2777,0.2765,0.3206,0.3216,0.3209,0.0863,0.0864,0.0863,0.241,0.2691,0.2471,0.2555,0.2637,0.2652,0.2772,0.2844,0.2591,0.0855,0.0874,0.0863,0.262,0.2657,0.2617,0.0859,0.0847,0.084,0.085,0.0861,0.0864,0.086,0.0882,0.0864,0.2056,0.2235,0.2084,0.2279,0.2306,0.2241,0.221,0.221,0.217,0.0879,0.0873,0.0884,0.1743,0.146,0.1552,0.1852,0.1724,0.1734,0.2347,0.2374,0.2487,0.0881,0.0887,0.0869,0.0895,0.0878,0.0916,0.0879,0.0894,0.0905,0.0898,0.0878,0.0873,0.0872,0.0886,0.087,0.0884,0.0897,0.0891,0.0897,0.0947,0.0884,0.0882,0.0882,0.0885,0.0885,0.0876
5:45:00,37,0.0931,0.0899,0.0893,0.0887,0.0872,0.0877,0.0878,0.0873,0.0877,0.0865,0.0864,0.0864,0.0851,0.2841,0.2873,0.2954,0.2913,0.289,0.2886,0.3298,0.3304,0.3324,0.0864,0.0864,0.0866,0.2469,0.2781,0.2548,0.2647,0.272,0.274,0.2876,0.2945,0.2673,0.0867,0.0916,0.0868,0.2696,0.2732,0.2702,0.0858,0.0849,0.0842,0.0853,0.086,0.0862,0.0859,0.088,0.0864,0.2114,0.2319,0.217,0.2349,0.2407,0.2376,0.2328,0.2309,0.2311,0.0872,0.0874,0.0885,0.1959,0.1563,0.1703,0.1955,0.1835,0.1877,0.2539,0.2534,0.2658,0.0874,0.0888,0.0863,0.0893,0.0877,0.092,0.0875,0.0889,0.09,0.0896,0.0874,0.0871,0.0871,0.0897,0.0871,0.0887,0.0899,0.0895,0.0893,0.0954,0.0888,0.0884,0.0887,0.0882,0.0888,0.0893
6:00:00,37,0.0932,0.0891,0.0892,0.0889,0.0873,0.0874,0.0878,0.0876,0.0867,0.0868,0.0863,0.0863,0.0854,0.2934,0.2991,0.3055,0.3001,0.2975,0.2964,0.3406,0.3386,0.3404,0.0869,0.0863,0.0868,0.2539,0.2871,0.2636,0.2726,0.2809,0.2826,0.2965,0.3026,0.2754,0.0857,0.0875,0.0865,0.2797,0.2827,0.2765,0.0858,0.0849,0.0841,0.0852,0.0863,0.0865,0.0861,0.0882,0.0868,0.2203,0.2469,0.2268,0.2519,0.2463,0.245,0.2402,0.2385,0.2388,0.0886,0.0872,0.0883,0.2132,0.1649,0.1829,0.2061,0.194,0.1966,0.2546,0.2562,0.2621,0.0868,0.0913,0.0867,0.0893,0.0879,0.0916,0.0876,0.0887,0.0905,0.0895,0.0877,0.0871,0.0869,0.0897,0.0867,0.0886,0.0894,0.0894,0.0895,0.0949,0.0886,0.0886,0.0887,0.0885,0.0891,0.0875
6:15:00,37,0.0927,0.0886,0.0895,0.0887,0.0872,0.0876,0.0878,0.0877,0.0872,0.087,0.0868,0.0864,0.0851,0.3022,0.3061,0.3133,0.3095,0.3057,0.3054,0.3497,0.3479,0.3503,0.0874,0.0863,0.0866,0.2622,0.2951,0.2705,0.2808,0.2896,0.2903,0.3037,0.311,0.2842,0.0874,0.0876,0.0872,0.2883,0.2917,0.2857,0.0857,0.085,0.0838,0.0853,0.0864,0.0864,0.0862,0.0881,0.0866,0.2287,0.2641,0.2369,0.2697,0.2601,0.2571,0.2545,0.2443,0.245,0.0895,0.0871,0.0881,0.2296,0.1866,0.1928,0.2169,0.2063,0.2043,0.2575,0.2608,0.2688,0.0883,0.0945,0.0866,0.0894,0.0874,0.0916,0.0871,0.0892,0.0899,0.0894,0.0878,0.0874,0.0868,0.0925,0.0872,0.0888,0.0894,0.0895,0.0892,0.0949,0.0886,0.0889,0.0886,0.089,0.0893,0.0899
6:30:00,37,0.0931,0.0892,0.0895,0.0887,0.087,0.0874,0.0874,0.0879,0.0871,0.087,0.0867,0.0872,0.0861,0.3108,0.3149,0.3223,0.3178,0.3147,0.3151,0.3603,0.3628,0.364,0.0885,0.086,0.0866,0.2717,0.3044,0.2804,0.2891,0.298,0.3001,0.3169,0.3228,0.2922,0.088,0.0875,0.0866,0.2964,0.3005,0.2943,0.0859,0.0848,0.0841,0.085,0.0861,0.0864,0.0861,0.0886,0.0876,0.2388,0.271,0.2428,0.2493,0.2613,0.2592,0.2497,0.2442,0.2432,0.0903,0.088,0.0879,0.2456,0.1946,0.2012,0.2233,0.2034,0.2054,0.2645,0.2688,0.2765,0.0875,0.087,0.0866,0.0895,0.0876,0.0915,0.0876,0.0893,0.0904,0.0895,0.0878,0.0871,0.0871,0.0904,0.087,0.0886,0.0893,0.0894,0.0899,0.0947,0.0884,0.0885,0.0882,0.0889,0.0894,0.0892
6:45:00,37,0.0932,0.0891,0.0892,0.0886,0.0869,0.0871,0.0875,0.0875,0.0868,0.0868,0.0866,0.0869,0.0864,0.3204,0.3244,0.3306,0.3267,0.3231,0.3228,0.3695,0.3663,0.3701,0.0863,0.0857,0.0862,0.2805,0.3133,0.2867,0.2976,0.305,0.3066,0.319,0.3279,0.2993,0.0864,0.0876,0.0861,0.3052,0.3078,0.3041,0.0858,0.0849,0.0839,0.0851,0.0863,0.0863,0.0863,0.0881,0.0876,0.2552,0.2592,0.2536,0.2419,0.2511,0.2504,0.2454,0.2395,0.2401,0.0912,0.0869,0.0881,0.2608,0.2075,0.2183,0.2384,0.2132,0.2135,0.2737,0.2786,0.2917,0.0884,0.087,0.0871,0.0896,0.0878,0.0916,0.0875,0.0892,0.0903,0.0894,0.0879,0.0872,0.0871,0.0882,0.0866,0.0882,0.0914,0.0891,0.0892,0.0949,0.0884,0.088,0.0884,0.0885,0.0886,0.0873
7:00:00,37,0.093,0.0894,0.0895,0.0885,0.0866,0.0875,0.0872,0.0875,0.0868,0.0864,0.0866,0.0865,0.0866,0.3301,0.335,0.3411,0.3348,0.3322,0.3316,0.3806,0.3765,0.3808,0.0873,0.0863,0.0866,0.2864,0.3215,0.2943,0.3046,0.3123,0.3147,0.326,0.3352,0.3083,0.0854,0.0873,0.0863,0.3105,0.3137,0.3106,0.0858,0.0847,0.0839,0.0848,0.0864,0.0861,0.0865,0.0882,0.0882,0.2688,0.257,0.2734,0.2387,0.2502,0.2508,0.2476,0.2415,0.2398,0.0902,0.0874,0.0882,0.2721,0.2354,0.2461,0.2579,0.2269,0.2253,0.2849,0.288,0.3041,0.0888,0.0883,0.0867,0.0896,0.0876,0.0918,0.0876,0.0886,0.0902,0.0894,0.0878,0.0872,0.0871,0.0878,0.0867,0.0888,0.0916,0.0891,0.0893,0.0956,0.0888,0.089,0.0883,0.0885,0.0888,0.0882
7:15:00,37,0.0929,0.0897,0.0889,0.0885,0.0868,0.0873,0.0871,0.0874,0.0877,0.0865,0.0867,0.0866,0.0857,0.3434,0.345,0.3517,0.3454,0.3418,0.3411,0.3914,0.3884,0.3917,0.0875,0.0861,0.0869,0.2956,0.3331,0.3043,0.3144,0.3207,0.3228,0.3334,0.3422,0.3174,0.0859,0.0873,0.0865,0.3187,0.324,0.3191,0.0861,0.0848,0.0837,0.0849,0.0862,0.0863,0.086,0.088,0.0893,0.2479,0.2501,0.2533,0.242,0.2498,0.2513,0.244,0.2423,0.2429,0.0876,0.087,0.0884,0.2812,0.2591,0.2687,0.28,0.2429,0.2374,0.2997,0.3037,0.3198,0.087,0.09,0.0867,0.0894,0.0873,0.0916,0.0874,0.0889,0.09,0.0893,0.0877,0.0868,0.0877,0.0889,0.0866,0.0883,0.0901,0.0892,0.089,0.095,0.0885,0.0885,0.0883,0.0884,0.0887,0.089
7:30:00,37,0.0928,0.0889,0.0886,0.0883,0.0868,0.0871,0.0871,0.0876,0.0871,0.0867,0.0873,0.0867,0.0858,0.3502,0.3515,0.3586,0.3538,0.351,0.3498,0.3996,0.3983,0.4032,0.0865,0.086,0.0861,0.3022,0.3412,0.3103,0.3212,0.3286,0.3301,0.3402,0.3476,0.323,0.0864,0.0891,0.0871,0.3246,0.3296,0.3257,0.0858,0.0844,0.0841,0.0852,0.0865,0.0863,0.0863,0.0882,0.09,0.2445,0.2529,0.2479,0.2422,0.2492,0.2481,0.2408,0.2385,0.2385,0.0874,0.0859,0.0886,0.2864,0.2759,0.2951,0.3005,0.2528,0.2415,0.3129,0.3197,0.3352,0.0869,0.0876,0.0869,0.0897,0.0876,0.0917,0.0873,0.0888,0.0899,0.0893,0.0874,0.0873,0.0886,0.089,0.087,0.0883,0.0921,0.0895,0.0894,0.0949,0.0881,0.0884,0.0884,0.0883,0.0906,0.0879
7:45:00,37,0.0926,0.0882,0.0886,0.0881,0.0867,0.087,0.087,0.0869,0.0868,0.0862,0.0865,0.0866,0.0861,0.3635,0.3627,0.3677,0.3637,0.3594,0.3597,0.4104,0.4093,0.4132,0.0859,0.0859,0.0863,0.3116,0.346,0.3196,0.328,0.3366,0.3383,0.348,0.3567,0.3317,0.0858,0.0865,0.0869,0.3329,0.3375,0.3329,0.0857,0.0846,0.0841,0.085,0.0864,0.0864,0.0864,0.0881,0.0889,0.2466,0.2521,0.245,0.2426,0.2473,0.2481,0.2423,0.2391,0.2384,0.0874,0.0864,0.0883,0.2876,0.2902,0.3148,0.3222,0.2743,0.2605,0.3355,0.3382,0.3569,0.0862,0.087,0.0864,0.0898,0.0875,0.0915,0.0877,0.0889,0.0901,0.0896,0.0876,0.0872,0.0874,0.0872,0.0873,0.089,0.0917,0.0891,0.0898,0.0948,0.0886,0.0883,0.0886,0.0887,0.0894,0.0881
8:00:00,37,0.0932,0.0883,0.0891,0.0882,0.0872,0.0876,0.0874,0.0884,0.0883,0.0881,0.0865,0.0869,0.0866,0.373,0.3722,0.3772,0.3723,0.3695,0.3696,0.4228,0.4198,0.4238,0.0863,0.0864,0.0855,0.3198,0.3561,0.3286,0.3366,0.3439,0.3458,0.3556,0.3634,0.341,0.0863,0.0877,0.0862,0.3395,0.3443,0.3405,0.0856,0.0847,0.0838,0.0848,0.0861,0.0865,0.0863,0.088,0.0877,0.2446,0.2524,0.2442,0.2448,0.2498,0.2491,0.2438,0.2423,0.2406,0.0889,0.0869,0.088,0.3004,0.3023,0.3211,0.3341,0.2985,0.285,0.3324,0.3429,0.3612,0.0861,0.0917,0.0868,0.0909,0.0874,0.0913,0.0873,0.0888,0.0903,0.0908,0.0894,0.0885,0.087,0.0884,0.0869,0.0888,0.0948,0.089,0.0896,0.0948,0.0885,0.0897,0.0895,0.0893,0.0893,0.0878
8:15:00,37,0.0932,0.0882,0.0883,0.0884,0.0869,0.0872,0.0871,0.0886,0.0885,0.0875,0.0864,0.0916,0.0854,0.3773,0.3803,0.3855,0.3812,0.3794,0.3789,0.4322,0.4315,0.4367,0.086,0.0862,0.0859,0.3301,0.3649,0.3357,0.344,0.3512,0.3531,0.3632,0.3722,0.3478,0.0859,0.0866,0.0864,0.3475,0.3515,0.3475,0.0856,0.0846,0.0841,0.0845,0.0862,0.0862,0.0863,0.0887,0.0863,0.2439,0.2552,0.2477,0.2479,0.2499,0.2509,0.2456,0.2425,0.2409,0.0917,0.087,0.0883,0.3182,0.3112,0.3325,0.3434,0.3129,0.2972,0.3291,0.3444,0.3685,0.0877,0.0967,0.0866,0.0901,0.0878,0.0917,0.0874,0.0892,0.0902,0.0909,0.0891,0.0882,0.0872,0.0877,0.0869,0.0888,0.0974,0.0896,0.0897,0.0949,0.0885,0.0896,0.0894,0.09,0.0891,0.0878
8:30:00,37,0.093,0.0885,0.0893,0.0886,0.0866,0.087,0.0869,0.0885,0.0889,0.0883,0.0865,0.0868,0.0857,0.3943,0.393,0.3952,0.3915,0.3888,0.3884,0.444,0.441,0.4452,0.0864,0.086,0.0864,0.3386,0.3703,0.3436,0.3522,0.3612,0.3606,0.3712,0.3813,0.3555,0.0858,0.0872,0.0869,0.355,0.3593,0.3563,0.0856,0.0846,0.0838,0.0848,0.0862,0.0862,0.0862,0.088,0.0863,0.2442,0.2594,0.2452,0.2504,0.2517,0.253,0.2483,0.2434,0.2433,0.0963,0.0869,0.0885,0.3318,0.3236,0.3477,0.3267,0.3294,0.3076,0.3225,0.3296,0.3541,0.09,0.0882,0.0863,0.0893,0.0871,0.0919,0.0875,0.089,0.0905,0.0908,0.0891,0.0884,0.087,0.0891,0.0873,0.0886,0.0995,0.0892,0.0895,0.0943,0.0888,0.0898,0.0894,0.0896,0.0889,0.0881
8:45:00,37,0.0929,0.0885,0.0885,0.0883,0.0866,0.0874,0.0871,0.0886,0.0883,0.0873,0.0869,0.087,0.0852,0.4025,0.4007,0.4035,0.3993,0.3976,0.3975,0.4544,0.4527,0.4577,0.0865,0.0861,0.0867,0.344,0.3764,0.3504,0.359,0.3666,0.368,0.3779,0.3866,0.3633,0.0859,0.088,0.0866,0.3614,0.3661,0.3626,0.0855,0.0849,0.0839,0.0846,0.0861,0.086,0.0863,0.0884,0.0874,0.2459,0.2637,0.2464,0.2582,0.2572,0.26,0.2528,0.2458,0.2458,0.0945,0.0873,0.088,0.3237,0.3272,0.3547,0.3257,0.3257,0.3156,0.3186,0.3241,0.3485,0.0951,0.0876,0.0867,0.0895,0.0877,0.0913,0.0876,0.089,0.0902,0.091,0.0891,0.0884,0.0873,0.089,0.0867,0.0881,0.0984,0.089,0.0898,0.0948,0.0887,0.0897,0.0898,0.0895,0.0888,0.0879
9:00:00,37,0.0929,0.0879,0.089,0.089,0.0866,0.0876,0.087,0.0886,0.0884,0.0877,0.087,0.0868,0.0859,0.4088,0.4086,0.4138,0.4093,0.4085,0.4084,0.4655,0.464,0.4693,0.0873,0.0861,0.0874,0.3524,0.3866,0.3576,0.3678,0.3758,0.3765,0.3859,0.3953,0.372,0.0861,0.0879,0.0862,0.3687,0.3741,0.3713,0.0854,0.0845,0.0839,0.0847,0.0862,0.086,0.0866,0.0876,0.0871,0.2475,0.2679,0.2483,0.2623,0.2601,0.2602,0.2551,0.249,0.2506,0.0872,0.0871,0.0883,0.3435,0.3333,0.3639,0.3235,0.3242,0.3178,0.3148,0.3204,0.3386,0.0945,0.0888,0.0867,0.0895,0.0875,0.0915,0.0874,0.0891,0.0903,0.0907,0.0892,0.0885,0.0897,0.0886,0.0873,0.0882,0.0947,0.0893,0.0896,0.0951,0.0891,0.0904,0.0896,0.0899,0.089,0.0879
9:15:00,37,0.093,0.0879,0.0885,0.088,0.0881,0.087,0.0883,0.0889,0.0883,0.0877,0.0865,0.0879,0.0864,0.4237,0.4222,0.426,0.4209,0.4172,0.4189,0.4785,0.4756,0.476,0.0867,0.0861,0.0867,0.364,0.3968,0.3661,0.3775,0.3836,0.3863,0.3936,0.4041,0.3777,0.0862,0.0879,0.0856,0.3765,0.3833,0.3789,0.0855,0.0845,0.0838,0.0848,0.0863,0.0861,0.0866,0.0893,0.0854,0.251,0.2729,0.251,0.2674,0.2648,0.2654,0.2574,0.2501,0.2522,0.087,0.0865,0.0881,0.3373,0.354,0.3685,0.3327,0.3314,0.3228,0.3121,0.3178,0.3322,0.0868,0.0896,0.0866,0.0899,0.0876,0.0916,0.0885,0.0891,0.0912,0.091,0.089,0.088,0.0883,0.0885,0.0868,0.0885,0.0919,0.0892,0.0906,0.095,0.0898,0.0901,0.0898,0.0897,0.0893,0.0883
9:30:00,37,0.0932,0.0882,0.0881,0.0882,0.0879,0.0883,0.0885,0.0885,0.0886,0.0878,0.0865,0.0873,0.0856,0.4321,0.4304,0.4353,0.4311,0.429,0.4284,0.4869,0.4857,0.4876,0.0858,0.0861,0.0868,0.3717,0.4059,0.3747,0.3861,0.392,0.3946,0.4023,0.4127,0.386,0.086,0.088,0.086,0.3846,0.3899,0.3873,0.0856,0.0841,0.0838,0.085,0.0858,0.0861,0.0861,0.0881,0.0865,0.2561,0.2764,0.2562,0.2714,0.2694,0.2699,0.2622,0.2568,0.2557,0.0871,0.0866,0.0884,0.3448,0.3635,0.3817,0.3603,0.3357,0.3297,0.3139,0.3168,0.3286,0.0863,0.0876,0.0868,0.0899,0.0875,0.0918,0.0889,0.0904,0.0914,0.0914,0.0894,0.0884,0.0885,0.0884,0.0871,0.0891,0.0969,0.0894,0.0911,0.096,0.0904,0.0902,0.0897,0.0902,0.0892,0.0884
9:45:00,37,0.0929,0.0885,0.0884,0.0882,0.0877,0.0883,0.0881,0.0884,0.0883,0.0877,0.0863,0.0872,0.086,0.4434,0.4416,0.4457,0.4401,0.4403,0.438,0.4972,0.4972,0.5017,0.0856,0.0856,0.0866,0.3819,0.414,0.3818,0.3931,0.4009,0.4023,0.4086,0.4192,0.3955,0.0858,0.0868,0.0871,0.3938,0.3987,0.3949,0.0857,0.0842,0.0839,0.0849,0.0862,0.0862,0.0865,0.088,0.087,0.2572,0.2819,0.2627,0.2796,0.2728,0.275,0.2672,0.2607,0.2602,0.0872,0.0863,0.0884,0.331,0.3642,0.3939,0.36,0.3485,0.3395,0.3159,0.3177,0.3241,0.0876,0.0882,0.0862,0.0895,0.0871,0.0916,0.0885,0.09,0.0911,0.0906,0.0888,0.0882,0.0877,0.088,0.0865,0.0883,0.0933,0.0891,0.0906,0.0959,0.0896,0.0918,0.0898,0.0898,0.0885,0.0873
10:00:00,37,0.0934,0.0887,0.089,0.0881,0.0879,0.0889,0.0886,0.0884,0.0887,0.0881,0.0865,0.0875,0.086,0.4527,0.4504,0.4552,0.4504,0.4485,0.4483,0.5077,0.5057,0.508,0.0859,0.0861,0.0862,0.3899,0.4207,0.3883,0.4011,0.4095,0.4108,0.4174,0.4283,0.4028,0.0862,0.0867,0.0858,0.4,0.4057,0.402,0.0857,0.0843,0.0838,0.0847,0.0862,0.0862,0.0861,0.0882,0.0859,0.2585,0.2877,0.2684,0.2851,0.2727,0.2787,0.2727,0.2633,0.2634,0.0863,0.0864,0.0884,0.3324,0.3699,0.3881,0.3856,0.3454,0.3387,0.3243,0.3231,0.3293,0.0877,0.0877,0.0869,0.0901,0.0875,0.0918,0.0888,0.0903,0.0915,0.091,0.0892,0.0884,0.0872,0.0881,0.087,0.0886,0.0958,0.0892,0.0908,0.0961,0.0898,0.0911,0.09,0.09,0.0895,0.0884
10:15:00,37,0.0928,0.0887,0.0884,0.0879,0.0877,0.0882,0.0879,0.0884,0.0886,0.0878,0.086,0.0867,0.0858,0.4635,0.4617,0.4686,0.4626,0.4609,0.4597,0.5204,0.5164,0.5199,0.0858,0.0861,0.0861,0.3991,0.4322,0.3984,0.4098,0.4179,0.4213,0.4268,0.4371,0.4127,0.0865,0.0869,0.0857,0.4085,0.4155,0.4121,0.0856,0.0845,0.0838,0.0849,0.0861,0.0863,0.0861,0.0887,0.0864,0.265,0.2917,0.2741,0.2916,0.2803,0.2842,0.2731,0.2669,0.2656,0.0871,0.0859,0.0886,0.3463,0.3908,0.4061,0.3945,0.3708,0.3638,0.331,0.327,0.3292,0.0887,0.0877,0.0867,0.0897,0.0872,0.0913,0.0886,0.09,0.0912,0.0911,0.0891,0.0884,0.087,0.0889,0.0866,0.0882,0.0923,0.0888,0.0904,0.0959,0.0893,0.0895,0.0893,0.0913,0.0886,0.0876
10:30:00,37,0.0924,0.0887,0.0883,0.0879,0.0872,0.088,0.0881,0.088,0.088,0.0876,0.0861,0.086,0.086,0.4816,0.4736,0.4766,0.473,0.4688,0.4747,0.5298,0.5277,0.53,0.0858,0.0853,0.0859,0.4076,0.4365,0.4043,0.4175,0.4289,0.4487,0.4468,0.4566,0.4205,0.0864,0.0869,0.086,0.4165,0.4218,0.4183,0.0858,0.0847,0.0837,0.0851,0.0864,0.0864,0.0865,0.0883,0.0861,0.2672,0.2978,0.2793,0.2964,0.2873,0.2903,0.2783,0.2715,0.2714,0.0874,0.0867,0.0887,0.3549,0.4005,0.4071,0.3853,0.3966,0.3747,0.3439,0.3374,0.3305,0.0883,0.0868,0.0867,0.0892,0.0874,0.0911,0.0888,0.0901,0.0912,0.0906,0.0889,0.0883,0.0875,0.0893,0.0868,0.0886,0.092,0.0893,0.0915,0.0961,0.0898,0.09,0.0898,0.09,0.0899,0.0884
10:45:00,37,0.0932,0.0882,0.088,0.0881,0.0879,0.0881,0.0877,0.0879,0.0882,0.0876,0.0862,0.0863,0.0851,0.4901,0.4817,0.4853,0.4873,0.4805,0.4752,0.5421,0.533,0.5363,0.0857,0.0861,0.0862,0.4145,0.4517,0.4283,0.4392,0.4411,0.439,0.4436,0.454,0.429,0.0863,0.0868,0.0858,0.4231,0.4297,0.4396,0.0854,0.0847,0.0839,0.0847,0.0862,0.0862,0.0863,0.0884,0.0863,0.2736,0.3066,0.2806,0.2983,0.2956,0.2959,0.2874,0.2793,0.275,0.0873,0.0866,0.0883,0.3669,0.4157,0.4205,0.3928,0.4224,0.4,0.3556,0.347,0.3344,0.0866,0.0873,0.0867,0.0895,0.0874,0.0914,0.0883,0.09,0.0911,0.0908,0.089,0.088,0.087,0.0876,0.0873,0.0885,0.09,0.0893,0.091,0.0965,0.0899,0.0898,0.0894,0.0894,0.089,0.0881
11:00:00,37,0.0932,0.0882,0.0886,0.0882,0.088,0.0885,0.0883,0.0883,0.0883,0.088,0.086,0.0874,0.0851,0.5059,0.4937,0.4986,0.4955,0.4915,0.4922,0.5523,0.5476,0.5492,0.0858,0.0856,0.0862,0.4243,0.4578,0.4225,0.4368,0.445,0.4479,0.4513,0.464,0.4387,0.0856,0.0873,0.0861,0.4359,0.4385,0.4365,0.0854,0.0847,0.0838,0.0847,0.0864,0.0864,0.0863,0.0882,0.0881,0.2786,0.3096,0.2876,0.2997,0.2972,0.2994,0.2899,0.2864,0.2803,0.0873,0.0865,0.0884,0.3672,0.4021,0.4148,0.3883,0.4194,0.4272,0.3625,0.3571,0.3383,0.0868,0.0891,0.0869,0.0898,0.0876,0.0916,0.0888,0.0902,0.0917,0.0911,0.0891,0.0885,0.0895,0.0885,0.0866,0.0885,0.0891,0.0894,0.0906,0.0964,0.0894,0.0897,0.0894,0.0896,0.09,0.0878
11:15:00,37,0.0927,0.088,0.0879,0.0881,0.0878,0.0881,0.0877,0.0878,0.0875,0.0874,0.0863,0.0858,0.0856,0.5207,0.5088,0.5133,0.5069,0.5032,0.5014,0.5653,0.5593,0.5621,0.0858,0.086,0.0857,0.435,0.4685,0.4326,0.4477,0.4554,0.4581,0.46,0.4729,0.4494,0.0859,0.0864,0.0863,0.4439,0.4495,0.4459,0.0853,0.0844,0.0839,0.0848,0.0862,0.086,0.0866,0.088,0.0865,0.284,0.3167,0.2897,0.3095,0.3072,0.3036,0.3003,0.2913,0.2853,0.0883,0.0867,0.088,0.3673,0.4005,0.421,0.3808,0.4298,0.4401,0.3712,0.3647,0.3429,0.088,0.0861,0.0869,0.0899,0.0875,0.0916,0.0887,0.0902,0.0914,0.0911,0.089,0.0883,0.0871,0.0883,0.0871,0.0884,0.0926,0.0891,0.0899,0.0964,0.0896,0.0901,0.0894,0.0894,0.0888,0.0878
11:30:00,37,0.093,0.088,0.0882,0.0886,0.0878,0.0879,0.0882,0.0878,0.0879,0.0885,0.0861,0.0866,0.0858,0.5343,0.5171,0.5209,0.5142,0.5076,0.5258,0.5713,0.57,0.5703,0.0859,0.0859,0.086,0.4425,0.4735,0.4371,0.4546,0.4725,0.4913,0.4855,0.4989,0.4599,0.087,0.0862,0.0862,0.4483,0.4549,0.4507,0.0852,0.0843,0.0835,0.0847,0.0861,0.086,0.0865,0.0879,0.087,0.2882,0.3186,0.2956,0.3125,0.3135,0.3109,0.3079,0.2945,0.29,0.0862,0.0866,0.0881,0.3587,0.4054,0.4024,0.3874,0.4206,0.445,0.3793,0.3737,0.3454,0.0902,0.0871,0.087,0.0896,0.0874,0.0913,0.0886,0.0898,0.0909,0.091,0.0892,0.088,0.0949,0.088,0.0865,0.0882,0.0931,0.0885,0.0901,0.0958,0.0894,0.0893,0.0892,0.0888,0.0882,0.0872
11:45:00,37,0.0929,0.0876,0.0882,0.088,0.0873,0.0878,0.0876,0.0882,0.0875,0.0874,0.0862,0.0867,0.086,0.5451,0.5292,0.5324,0.5286,0.5229,0.524,0.5831,0.5775,0.5793,0.0858,0.0858,0.0861,0.4473,0.4817,0.4466,0.4635,0.4727,0.4751,0.477,0.4923,0.4684,0.0861,0.0865,0.0861,0.4606,0.4661,0.4629,0.0853,0.0841,0.0837,0.0846,0.086,0.0862,0.0863,0.0882,0.0888,0.2953,0.3228,0.3019,0.322,0.3207,0.3152,0.3157,0.3027,0.2959,0.0863,0.0868,0.0877,0.3585,0.3961,0.4052,0.3845,0.4015,0.4152,0.3709,0.3703,0.3474,0.0951,0.1,0.0871,0.0896,0.0873,0.0912,0.0888,0.09,0.0915,0.0907,0.0891,0.0882,0.0871,0.0873,0.0876,0.0884,0.0929,0.0891,0.0909,0.0958,0.0894,0.0899,0.0898,0.0898,0.0889,0.088
12:00:00,37,0.0931,0.088,0.0885,0.0883,0.0878,0.0885,0.0881,0.0884,0.0878,0.0875,0.0867,0.0865,0.086,0.5611,0.5419,0.5452,0.5398,0.5337,0.5339,0.5924,0.5876,0.5895,0.0858,0.0863,0.0864,0.4572,0.4916,0.4561,0.4749,0.4864,0.4889,0.4889,0.504,0.48,0.0868,0.087,0.086,0.4708,0.4763,0.4722,0.0851,0.0842,0.0836,0.0845,0.0859,0.0864,0.0861,0.0876,0.0914,0.2999,0.3273,0.3071,0.3295,0.3277,0.3249,0.3255,0.3138,0.3029,0.0867,0.0863,0.0884,0.3703,0.4031,0.4048,0.3939,0.3996,0.4248,0.3839,0.3846,0.3544,0.0867,0.0866,0.0869,0.0895,0.0874,0.0913,0.0887,0.09,0.0911,0.0907,0.089,0.0881,0.093,0.0879,0.0908,0.0884,0.0909,0.0896,0.0906,0.0962,0.0898,0.09,0.0894,0.0896,0.0889,0.0878
12:15:00,37,0.0929,0.0884,0.0881,0.0876,0.088,0.0884,0.0878,0.0878,0.0877,0.0879,0.0864,0.0865,0.0854,0.5728,0.5542,0.5586,0.5486,0.5431,0.5438,0.6028,0.6,0.5985,0.0859,0.086,0.0863,0.4658,0.502,0.4644,0.4846,0.4974,0.5022,0.4995,0.5151,0.4928,0.0862,0.0868,0.0861,0.4813,0.486,0.4828,0.0856,0.0843,0.0835,0.0844,0.0859,0.0862,0.0861,0.088,0.0896,0.3025,0.3348,0.3153,0.3322,0.3307,0.3322,0.3306,0.318,0.3075,0.0861,0.0862,0.0883,0.3688,0.3936,0.404,0.4014,0.4072,0.4146,0.3853,0.3838,0.3588,0.0858,0.0869,0.0866,0.0897,0.0877,0.0916,0.0889,0.09,0.0915,0.0908,0.089,0.0881,0.0935,0.0881,0.0872,0.0885,0.09,0.0893,0.0906,0.0959,0.0896,0.0896,0.0898,0.0896,0.0886,0.0876
12:30:00,37,0.0931,0.0877,0.0881,0.0881,0.0877,0.0883,0.0877,0.0881,0.0878,0.0876,0.0877,0.0865,0.0854,0.5846,0.5672,0.5732,0.5636,0.5559,0.5561,0.6152,0.6085,0.6083,0.0863,0.0858,0.0862,0.4804,0.5134,0.4747,0.4967,0.5107,0.5144,0.5112,0.5275,0.5044,0.0864,0.0866,0.0863,0.493,0.4971,0.4932,0.0851,0.084,0.0835,0.0845,0.0857,0.0861,0.086,0.0883,0.0858,0.3128,0.3373,0.3198,0.3393,0.3364,0.338,0.335,0.3285,0.3173,0.087,0.0861,0.0882,0.3681,0.3863,0.3948,0.4043,0.3974,0.3904,0.3837,0.3884,0.3611,0.0872,0.0867,0.0865,0.0893,0.0872,0.0917,0.0885,0.0899,0.0914,0.0908,0.0891,0.0882,0.0867,0.0879,0.0865,0.0883,0.0891,0.0888,0.0904,0.0953,0.0892,0.0897,0.089,0.089,0.0882,0.0883
12:45:00,37,0.0931,0.0879,0.0884,0.0877,0.0879,0.0882,0.0881,0.0883,0.0873,0.088,0.0866,0.0864,0.086,0.5972,0.5791,0.5813,0.5742,0.5654,0.5668,0.6258,0.6169,0.6157,0.0857,0.086,0.0867,0.487,0.5245,0.4852,0.5094,0.5204,0.5285,0.5227,0.5424,0.5201,0.0863,0.0869,0.0865,0.5034,0.5049,0.5028,0.0856,0.0843,0.0837,0.0851,0.0861,0.0867,0.0866,0.0881,0.086,0.3127,0.3413,0.3259,0.3421,0.3434,0.3423,0.3392,0.3346,0.3228,0.0882,0.0863,0.0883,0.3681,0.3885,0.3926,0.4124,0.4005,0.4018,0.3809,0.3955,0.3668,0.0872,0.0864,0.0863,0.0895,0.0874,0.0917,0.0884,0.0901,0.0911,0.0906,0.0888,0.088,0.087,0.0871,0.0866,0.0882,0.089,0.0888,0.0902,0.096,0.0897,0.0897,0.0899,0.0895,0.0885,0.0877
13:00:00,37,0.0932,0.0877,0.0881,0.0877,0.0875,0.0883,0.0877,0.0885,0.0874,0.0872,0.0869,0.087,0.0859,0.6167,0.59,0.5982,0.587,0.5777,0.5792,0.6397,0.6297,0.6294,0.0855,0.087,0.0874,0.4996,0.5419,0.4968,0.5243,0.5388,0.548,0.5399,0.5618,0.5371,0.0865,0.0857,0.0861,0.5135,0.5165,0.5133,0.0853,0.0842,0.0834,0.0847,0.0857,0.0866,0.087,0.0878,0.0863,0.3251,0.3468,0.3322,0.3503,0.3471,0.3481,0.3462,0.3406,0.3261,0.0864,0.0858,0.0882,0.3758,0.393,0.3951,0.4162,0.4092,0.4064,0.3767,0.4014,0.372,0.0868,0.0868,0.0869,0.0897,0.0877,0.0916,0.0886,0.0901,0.0915,0.0911,0.0893,0.0882,0.0874,0.0886,0.0867,0.0885,0.0898,0.0892,0.0908,0.0959,0.09,0.0898,0.0896,0.0895,0.0884,0.0881
13:15:00,37,0.0931,0.088,0.0883,0.0879,0.0876,0.0879,0.088,0.0883,0.0876,0.0874,0.0862,0.0873,0.0862,0.6247,0.603,0.6103,0.5949,0.5881,0.5883,0.6473,0.6341,0.637,0.0857,0.0861,0.0874,0.5093,0.5498,0.508,0.5369,0.5512,0.561,0.5485,0.5753,0.5495,0.0868,0.0865,0.0861,0.5251,0.5292,0.5246,0.0857,0.0844,0.0837,0.0846,0.0863,0.0865,0.0863,0.088,0.0871,0.3313,0.3562,0.3365,0.3535,0.3543,0.3553,0.3547,0.3472,0.3336,0.0862,0.0865,0.0883,0.3779,0.3951,0.3974,0.421,0.4128,0.4179,0.3768,0.4002,0.3769,0.0862,0.0884,0.0866,0.0897,0.0878,0.0916,0.0887,0.09,0.0917,0.0907,0.089,0.0882,0.0874,0.0899,0.0863,0.0885,0.0909,0.0893,0.0906,0.0961,0.0895,0.0892,0.0892,0.089,0.0891,0.0877
13:30:00,37,0.0931,0.0874,0.0878,0.0878,0.0875,0.0878,0.0876,0.0883,0.0873,0.0874,0.0868,0.0871,0.0852,0.6317,0.6086,0.6132,0.5981,0.5868,0.602,0.6478,0.6456,0.6525,0.0858,0.0858,0.0865,0.5147,0.5563,0.5165,0.5424,0.5631,0.5709,0.5753,0.5906,0.5598,0.0867,0.0864,0.0869,0.5336,0.5327,0.5299,0.0855,0.0842,0.0835,0.0846,0.0857,0.0859,0.0863,0.088,0.0865,0.3323,0.3545,0.3371,0.3544,0.3579,0.3519,0.3554,0.3522,0.3374,0.0879,0.0864,0.089,0.3802,0.3934,0.4035,0.4223,0.4178,0.4271,0.3773,0.4012,0.3869,0.087,0.0866,0.0868,0.0892,0.0872,0.0912,0.0887,0.0901,0.0912,0.0907,0.0889,0.0878,0.095,0.088,0.0868,0.0882,0.0944,0.0889,0.0909,0.0959,0.0895,0.0895,0.0896,0.0893,0.0884,0.0874
13:45:00,37,0.0929,0.0875,0.088,0.0878,0.0875,0.0878,0.0877,0.0878,0.0876,0.0876,0.0871,0.0867,0.0856,0.6437,0.6214,0.6277,0.614,0.6053,0.6078,0.6636,0.6511,0.6591,0.086,0.0863,0.0867,0.5326,0.5708,0.5344,0.5599,0.5794,0.5874,0.5753,0.6002,0.5748,0.0858,0.0865,0.0871,0.5451,0.5492,0.5445,0.0852,0.0841,0.0833,0.0845,0.0857,0.0857,0.0865,0.0877,0.0859,0.3473,0.356,0.3358,0.3603,0.362,0.3642,0.3648,0.3603,0.3446,0.0878,0.0859,0.0932,0.3889,0.3947,0.4081,0.4322,0.4308,0.4326,0.3806,0.4092,0.3931,0.0864,0.0871,0.0868,0.0895,0.0874,0.0915,0.0887,0.0901,0.0913,0.0907,0.089,0.0881,0.0866,0.0875,0.0869,0.0882,0.0902,0.089,0.0903,0.0958,0.0892,0.0905,0.0895,0.0893,0.0884,0.0874
14:00:00,37,0.0928,0.0872,0.0878,0.0875,0.087,0.0874,0.0874,0.0876,0.0872,0.0875,0.0861,0.0867,0.0859,0.6457,0.63,0.6355,0.6247,0.6152,0.6192,0.6693,0.6607,0.6681,0.0862,0.0858,0.0865,0.5352,0.5818,0.5461,0.5762,0.5966,0.6011,0.5885,0.6108,0.589,0.0859,0.087,0.0864,0.5536,0.5598,0.5574,0.0852,0.0844,0.0851,0.0845,0.0857,0.0861,0.086,0.0881,0.0862,0.3564,0.3641,0.3436,0.3647,0.3726,0.3683,0.368,0.3643,0.3526,0.0868,0.0865,0.0959,0.3856,0.3975,0.4081,0.4389,0.4335,0.4305,0.379,0.4095,0.3877,0.0871,0.0933,0.0868,0.0895,0.0875,0.0913,0.0886,0.0901,0.0912,0.0907,0.0888,0.0881,0.0875,0.088,0.0863,0.0884,0.0919,0.0889,0.091,0.0958,0.0895,0.09,0.0895,0.0894,0.0894,0.0875
14:15:00,37,0.093,0.0873,0.0884,0.0878,0.0874,0.0879,0.0881,0.0879,0.0878,0.0876,0.0883,0.0866,0.0856,0.6551,0.6419,0.6401,0.6298,0.6109,0.6153,0.6752,0.678,0.6811,0.0857,0.0861,0.0864,0.547,0.5923,0.5563,0.5918,0.6079,0.6104,0.6009,0.6214,0.6019,0.0858,0.0865,0.0861,0.568,0.5669,0.5661,0.0852,0.0839,0.0833,0.0844,0.0859,0.0861,0.086,0.0883,0.0873,0.3634,0.3746,0.3439,0.3674,0.3642,0.3718,0.3742,0.368,0.3617,0.0872,0.0864,0.0977,0.3946,0.3975,0.4083,0.4488,0.4375,0.4329,0.3809,0.4095,0.3889,0.089,0.0879,0.0867,0.0894,0.0871,0.0914,0.0885,0.0898,0.091,0.0904,0.0889,0.088,0.0884,0.0924,0.0865,0.0882,0.092,0.089,0.0908,0.0962,0.0896,0.0901,0.0897,0.0893,0.0886,0.0875
14:30:00,37,0.0929,0.0873,0.0879,0.0876,0.0873,0.0878,0.0881,0.0878,0.0876,0.0878,0.087,0.0867,0.086,0.6693,0.6555,0.6575,0.6441,0.6302,0.6367,0.6871,0.6836,0.6919,0.0858,0.0868,0.087,0.566,0.6082,0.5789,0.6127,0.625,0.633,0.6194,0.6438,0.6189,0.0861,0.0866,0.0859,0.5792,0.582,0.5815,0.0852,0.0844,0.0835,0.0845,0.0857,0.0861,0.0865,0.0878,0.0854,0.361,0.3769,0.3487,0.3745,0.3669,0.3726,0.3762,0.3757,0.366,0.0873,0.086,0.0954,0.4103,0.4022,0.4149,0.45,0.4503,0.443,0.387,0.4115,0.3892,0.0864,0.0869,0.0887,0.0897,0.0876,0.0917,0.0889,0.0902,0.0914,0.0911,0.0889,0.0878,0.0875,0.0878,0.0868,0.0886,0.0911,0.0888,0.091,0.0962,0.0894,0.09,0.0896,0.0896,0.0887,0.0873
14:45:00,37,0.0932,0.0871,0.0875,0.0878,0.087,0.0876,0.0877,0.0878,0.0871,0.0874,0.0869,0.0868,0.0862,0.6756,0.6647,0.6639,0.6525,0.6362,0.6417,0.6968,0.6938,0.702,0.0862,0.0862,0.0867,0.5775,0.6194,0.5937,0.6311,0.6398,0.6486,0.6317,0.6592,0.6349,0.0864,0.087,0.0859,0.5925,0.5945,0.5948,0.085,0.0841,0.0832,0.0843,0.0858,0.0863,0.086,0.0881,0.0858,0.3737,0.3868,0.355,0.3802,0.3776,0.3833,0.3868,0.381,0.3742,0.0874,0.0862,0.0916,0.4051,0.4041,0.4166,0.4603,0.4557,0.4485,0.387,0.4061,0.3903,0.0868,0.0867,0.0862,0.0897,0.0874,0.0913,0.0887,0.0898,0.0911,0.0907,0.0888,0.088,0.0876,0.0875,0.0865,0.0879,0.0919,0.0887,0.0906,0.0954,0.0894,0.0907,0.0888,0.0893,0.0888,0.0876
15:00:00,37,0.0932,0.0877,0.0881,0.0879,0.0875,0.0882,0.0879,0.0882,0.0875,0.0876,0.0867,0.0868,0.0855,0.6895,0.6779,0.6736,0.6642,0.6484,0.6537,0.7064,0.7088,0.7145,0.086,0.0862,0.0864,0.5913,0.6348,0.6111,0.6497,0.6551,0.667,0.6481,0.678,0.6545,0.0867,0.0872,0.0858,0.6103,0.6088,0.6122,0.0849,0.0843,0.0834,0.0845,0.0858,0.0862,0.0862,0.0879,0.0918,0.3741,0.3902,0.3673,0.3876,0.384,0.3888,0.3913,0.3861,0.3806,0.0865,0.0865,0.0888,0.4164,0.4138,0.4212,0.4683,0.4583,0.4587,0.388,0.4062,0.3935,0.0862,0.09,0.0865,0.0899,0.0876,0.0913,0.0887,0.0904,0.0913,0.0908,0.0891,0.0888,0.087,0.0875,0.0868,0.0886,0.0905,0.0894,0.0912,0.0957,0.0896,0.0903,0.0894,0.0899,0.0885,0.0883
15:15:00,37,0.0933,0.088,0.0875,0.0883,0.0875,0.0876,0.0879,0.0878,0.0872,0.0874,0.0859,0.0866,0.0851,0.7047,0.6907,0.6853,0.6735,0.6601,0.6633,0.719,0.7183,0.7279,0.086,0.0857,0.086,0.6112,0.6569,0.6313,0.6713,0.679,0.6854,0.6666,0.6966,0.6753,0.0861,0.0867,0.0856,0.6298,0.6272,0.6325,0.0848,0.0838,0.0831,0.0845,0.0855,0.0859,0.0863,0.0879,0.0951,0.3791,0.3933,0.3763,0.3821,0.3868,0.3872,0.3966,0.399,0.3873,0.0873,0.0865,0.0884,0.427,0.4142,0.4278,0.4729,0.4692,0.4654,0.3936,0.4089,0.396,0.086,0.0872,0.0878,0.0894,0.0871,0.0914,0.0886,0.0899,0.0913,0.0908,0.0889,0.0881,0.0867,0.0878,0.087,0.0883,0.0907,0.0889,0.0903,0.0959,0.0901,0.0898,0.0895,0.0893,0.0885,0.0877
15:30:00,37,0.0933,0.0878,0.0877,0.0881,0.0874,0.0879,0.0879,0.0881,0.0876,0.087,0.0863,0.0865,0.0856,0.7154,0.6972,0.6866,0.673,0.6676,0.672,0.7291,0.7287,0.7378,0.0861,0.0863,0.0862,0.6321,0.6778,0.6577,0.6953,0.6996,0.7028,0.6795,0.717,0.6919,0.0861,0.0871,0.0863,0.649,0.6439,0.6566,0.0847,0.0835,0.0828,0.0843,0.0856,0.0857,0.0859,0.0879,0.0859,0.3823,0.3991,0.379,0.3901,0.3937,0.3969,0.3955,0.3954,0.3857,0.0862,0.0862,0.0883,0.4421,0.4183,0.4335,0.4729,0.4721,0.4745,0.399,0.4106,0.4017,0.0881,0.0865,0.0879,0.0896,0.0874,0.0917,0.0885,0.0898,0.0915,0.0909,0.0891,0.0878,0.087,0.0877,0.0867,0.088,0.09,0.0889,0.0906,0.096,0.0897,0.0902,0.089,0.0891,0.0891,0.0875
15:45:00,37,0.0927,0.0875,0.0877,0.0875,0.0869,0.0877,0.0872,0.0876,0.0871,0.087,0.0862,0.0862,0.0853,0.725,0.7111,0.7164,0.6959,0.682,0.6883,0.7413,0.7417,0.7594,0.0859,0.0861,0.0877,0.6512,0.6933,0.6736,0.7141,0.7088,0.725,0.7001,0.7361,0.7138,0.0862,0.0865,0.0861,0.6628,0.6502,0.6674,0.085,0.084,0.0833,0.0844,0.0856,0.0858,0.0863,0.0878,0.0858,0.3885,0.4103,0.3847,0.3989,0.3988,0.3992,0.4006,0.4025,0.3927,0.0864,0.0862,0.089,0.4498,0.4216,0.4341,0.4802,0.4715,0.4812,0.4047,0.4127,0.4104,0.0874,0.0865,0.0865,0.0898,0.0875,0.0917,0.0888,0.0898,0.0914,0.0908,0.0889,0.0881,0.0868,0.0878,0.087,0.088,0.0895,0.089,0.0903,0.0956,0.0894,0.0906,0.0894,0.0893,0.0882,0.0873
16:00:00,37,0.0929,0.0875,0.0877,0.0874,0.0871,0.0878,0.0872,0.0877,0.0876,0.0872,0.0863,0.0871,0.0854,0.7549,0.7351,0.7219,0.7042,0.695,0.6988,0.7569,0.7586,0.7654,0.0858,0.0859,0.0876,0.6834,0.7284,0.7072,0.7459,0.741,0.7594,0.7272,0.7649,0.7469,0.0868,0.0872,0.0861,0.6916,0.6784,0.6987,0.0853,0.0842,0.0834,0.0849,0.0859,0.086,0.0874,0.0887,0.0865,0.3966,0.4123,0.3889,0.4043,0.404,0.4001,0.4069,0.4074,0.3943,0.0869,0.0867,0.0913,0.458,0.4281,0.4401,0.4888,0.4699,0.4855,0.4105,0.4174,0.4161,0.0859,0.0866,0.0868,0.0898,0.0872,0.0916,0.0889,0.0902,0.0917,0.0908,0.089,0.0883,0.0868,0.0876,0.0868,0.0883,0.0901,0.089,0.0899,0.0958,0.0895,0.0902,0.0897,0.0892,0.0882,0.0876
16:15:00,37,0.093,0.0874,0.0877,0.0875,0.0872,0.0874,0.0876,0.0877,0.0872,0.0873,0.0865,0.087,0.0853,0.7666,0.7458,0.7325,0.7141,0.7077,0.7108,0.7671,0.767,0.7763,0.0857,0.0859,0.0855,0.7037,0.748,0.7262,0.7614,0.7583,0.7741,0.7478,0.7851,0.7621,0.0869,0.0865,0.086,0.7172,0.6988,0.7162,0.0849,0.0841,0.0832,0.0845,0.0859,0.086,0.0861,0.088,0.0854,0.404,0.4161,0.3886,0.4069,0.4083,0.4055,0.4081,0.4115,0.4041,0.0867,0.0859,0.0895,0.4589,0.4354,0.4419,0.4945,0.4664,0.4886,0.4179,0.4246,0.4216,0.0871,0.0877,0.0869,0.0898,0.0872,0.0917,0.0886,0.0902,0.092,0.0913,0.0891,0.0882,0.0868,0.0876,0.0869,0.0883,0.0899,0.0891,0.0906,0.0965,0.0894,0.0898,0.0895,0.0894,0.0884,0.0876
16:30:00,37,0.0927,0.0879,0.0877,0.0877,0.0871,0.0874,0.0874,0.0875,0.0878,0.0871,0.0857,0.0865,0.0854,0.783,0.756,0.7505,0.7311,0.717,0.7203,0.7778,0.7824,0.7926,0.086,0.0856,0.0865,0.7282,0.7774,0.7517,0.79,0.7889,0.8009,0.7759,0.8119,0.7905,0.0859,0.0861,0.0857,0.7406,0.7254,0.7448,0.0847,0.0839,0.0832,0.0843,0.0855,0.0856,0.0861,0.0877,0.087,0.4101,0.4218,0.3932,0.4093,0.4075,0.4063,0.4115,0.4135,0.4022,0.0858,0.0859,0.0894,0.456,0.4345,0.4464,0.4983,0.4698,0.4857,0.4233,0.4271,0.425,0.0866,0.0866,0.0866,0.0895,0.0876,0.0915,0.0889,0.0905,0.0918,0.091,0.0887,0.0882,0.087,0.0876,0.087,0.0884,0.0915,0.0893,0.0906,0.0959,0.0898,0.09,0.0889,0.0894,0.0886,0.0873
16:45:00,37,0.0931,0.0873,0.0876,0.0876,0.0874,0.0876,0.0876,0.0877,0.0874,0.0874,0.0863,0.0863,0.0852,0.8049,0.7708,0.7585,0.7407,0.7235,0.7297,0.7878,0.7964,0.8094,0.086,0.0859,0.0867,0.7484,0.8003,0.7736,0.816,0.8118,0.8256,0.7982,0.8364,0.8083,0.086,0.0863,0.0856,0.7632,0.7528,0.7672,0.0848,0.0838,0.0832,0.0843,0.0858,0.0858,0.0862,0.088,0.0864,0.4185,0.424,0.4009,0.4143,0.4184,0.4111,0.4194,0.4235,0.4153,0.0865,0.0859,0.088,0.4514,0.4357,0.4439,0.5028,0.4664,0.4696,0.4277,0.423,0.4306,0.0871,0.0859,0.0867,0.0897,0.0878,0.092,0.0885,0.0902,0.0915,0.0907,0.0891,0.088,0.0869,0.0877,0.087,0.0886,0.0905,0.0889,0.0905,0.0961,0.0898,0.0901,0.0896,0.0896,0.0884,0.0878
17:00:00,37,0.0933,0.0872,0.0876,0.0873,0.0871,0.0876,0.0872,0.0878,0.0874,0.0873,0.0864,0.0867,0.0854,0.8242,0.7923,0.7784,0.7549,0.7414,0.7471,0.807,0.8146,0.8268,0.086,0.0856,0.0889,0.7778,0.8327,0.798,0.8395,0.8375,0.8517,0.8259,0.8652,0.8342,0.086,0.0865,0.0864,0.7895,0.7768,0.7904,0.0849,0.0839,0.0834,0.0841,0.086,0.0857,0.0863,0.0884,0.0859,0.4213,0.4265,0.4054,0.4153,0.4217,0.4182,0.4221,0.4246,0.4152,0.0878,0.0861,0.0896,0.4567,0.4431,0.456,0.4932,0.4766,0.4653,0.4343,0.4254,0.4371,0.0861,0.0864,0.0868,0.0898,0.0873,0.092,0.0886,0.0899,0.0916,0.0906,0.0888,0.088,0.087,0.0876,0.0865,0.0884,0.0905,0.0893,0.0904,0.0958,0.0895,0.0899,0.0895,0.0894,0.089,0.0875
17:15:00,37,0.0934,0.0879,0.0875,0.0874,0.0872,0.0879,0.0875,0.0879,0.0872,0.0871,0.0865,0.0869,0.0858,0.8548,0.8142,0.8028,0.7746,0.7544,0.7599,0.8237,0.8297,0.8419,0.0857,0.0856,0.0862,0.8063,0.8598,0.8343,0.8673,0.8689,0.8772,0.856,0.891,0.8622,0.086,0.0867,0.0857,0.8114,0.8095,0.8203,0.0849,0.0839,0.0834,0.0843,0.086,0.086,0.0864,0.0879,0.0872,0.4181,0.4304,0.4075,0.4268,0.4279,0.4223,0.4288,0.4264,0.4327,0.0871,0.0861,0.0903,0.4611,0.4526,0.4663,0.4745,0.4742,0.4619,0.4378,0.4273,0.4406,0.0863,0.0861,0.0865,0.0899,0.0874,0.0919,0.0889,0.0902,0.0912,0.091,0.089,0.0881,0.0868,0.0873,0.0868,0.0883,0.0911,0.0893,0.0905,0.0964,0.0896,0.0903,0.0895,0.0895,0.0883,0.0874
17:30:00,37,0.093,0.0872,0.0874,0.0875,0.0872,0.0877,0.0874,0.0878,0.0873,0.0876,0.0863,0.0866,0.0857,0.8654,0.8292,0.8158,0.7864,0.765,0.7655,0.8318,0.8403,0.8542,0.086,0.0857,0.086,0.8187,0.8769,0.8471,0.8838,0.8819,0.9007,0.8798,0.9152,0.8808,0.0859,0.0858,0.0858,0.8272,0.8187,0.8307,0.0848,0.084,0.0833,0.0845,0.0858,0.0858,0.0861,0.0883,0.0859,0.4235,0.4314,0.4105,0.4272,0.4328,0.4219,0.4278,0.4299,0.4382,0.0867,0.1009,0.0934,0.4667,0.4624,0.4685,0.4657,0.4847,0.4714,0.4421,0.4326,0.4462,0.0873,0.0866,0.0866,0.09,0.0871,0.0917,0.0889,0.0901,0.0914,0.0909,0.0888,0.0879,0.0871,0.0873,0.0868,0.0882,0.0909,0.0889,0.0902,0.0961,0.0897,0.0921,0.0898,0.0897,0.0885,0.0873
17:45:00,37,0.0931,0.087,0.0873,0.0875,0.0872,0.0874,0.0874,0.0876,0.0875,0.0871,0.0864,0.0864,0.0856,0.8699,0.8342,0.8182,0.7924,0.7714,0.7763,0.8402,0.8472,0.8629,0.0857,0.0858,0.0863,0.8406,0.8968,0.8615,0.8959,0.8977,0.9147,0.8957,0.9281,0.8973,0.0861,0.0867,0.0858,0.843,0.835,0.8448,0.0847,0.0839,0.0831,0.0844,0.0856,0.0857,0.0862,0.0877,0.0863,0.4239,0.4312,0.4088,0.4291,0.4301,0.4191,0.4309,0.4352,0.4379,0.088,0.0857,0.0965,0.4664,0.4577,0.4658,0.4578,0.4863,0.4684,0.4433,0.4471,0.4483,0.0861,0.0878,0.0865,0.0894,0.0871,0.0914,0.0888,0.0897,0.0912,0.0905,0.0889,0.0878,0.0867,0.0874,0.0868,0.0882,0.0894,0.0888,0.0904,0.0961,0.089,0.0908,0.089,0.0895,0.0884,0.0872
18:00:00,37,0.0928,0.0874,0.0873,0.0873,0.0868,0.0873,0.0873,0.0873,0.087,0.0865,0.0868,0.0872,0.086,0.8963,0.8541,0.8329,0.8022,0.7771,0.7781,0.8444,0.8571,0.8673,0.0868,0.0855,0.0863,0.8595,0.9103,0.8825,0.906,0.9166,0.9293,0.912,0.9436,0.9091,0.087,0.0865,0.0862,0.8679,0.8516,0.857,0.0849,0.084,0.0832,0.0842,0.0857,0.0859,0.0862,0.088,0.0873,0.4333,0.4333,0.4192,0.4301,0.4359,0.4244,0.4378,0.4366,0.449,0.0861,0.0866,0.0927,0.4607,0.4529,0.4622,0.4555,0.4761,0.4651,0.445,0.4513,0.4465,0.0867,0.0861,0.0865,0.0897,0.0876,0.0916,0.0884,0.0899,0.0917,0.0906,0.0891,0.0879,0.0871,0.0875,0.0864,0.0881,0.0892,0.0891,0.0905,0.0957,0.0891,0.0914,0.0894,0.0897,0.0884,0.0874
18:15:00,37,0.0931,0.0876,0.088,0.0875,0.087,0.0876,0.0874,0.0874,0.0868,0.0868,0.0878,0.0865,0.0852,0.924,0.883,0.862,0.8216,0.7968,0.8003,0.8717,0.879,0.8951,0.087,0.0856,0.0875,0.8764,0.9332,0.9053,0.9312,0.9382,0.9544,0.9402,0.9639,0.9351,0.0877,0.0871,0.0862,0.8894,0.8803,0.8854,0.0849,0.0841,0.0832,0.0843,0.0858,0.0858,0.0877,0.0879,0.0854,0.433,0.4447,0.4232,0.4398,0.4491,0.4352,0.4408,0.4388,0.442,0.0883,0.087,0.0888,0.4715,0.4626,0.462,0.4675,0.4864,0.467,0.4497,0.4573,0.4494,0.0881,0.0864,0.0893,0.0899,0.0876,0.0918,0.0886,0.09,0.0913,0.0912,0.0891,0.0883,0.0881,0.0876,0.0878,0.0886,0.0901,0.0893,0.0905,0.0965,0.0898,0.0899,0.0895,0.0898,0.0896,0.0875
18:30:00,37,0.093,0.0879,0.0875,0.0876,0.0875,0.0881,0.0874,0.0879,0.087,0.0871,0.0862,0.0865,0.0853,0.9303,0.8918,0.8693,0.8286,0.8019,0.7995,0.8776,0.8929,0.897,0.0858,0.0861,0.0859,0.8956,0.9435,0.916,0.9501,0.96,0.972,0.9539,0.9878,0.9548,0.0858,0.0862,0.0861,0.9,0.8892,0.8905,0.085,0.0839,0.0832,0.0844,0.0858,0.0858,0.0864,0.0881,0.0876,0.4387,0.4465,0.4269,0.4345,0.4456,0.4382,0.4438,0.4434,0.4428,0.0868,0.0857,0.0889,0.4791,0.4687,0.4703,0.4845,0.499,0.4775,0.461,0.4613,0.4572,0.0862,0.086,0.0868,0.0898,0.0871,0.0916,0.0885,0.0899,0.0914,0.0906,0.089,0.0878,0.0868,0.0875,0.1071,0.0882,0.0899,0.0888,0.0908,0.096,0.0897,0.0908,0.0895,0.0893,0.0886,0.0875
18:45:00,37,0.0929,0.0866,0.0873,0.0869,0.0867,0.0873,0.0872,0.0872,0.0871,0.0866,0.0859,0.0861,0.0852,0.9486,0.9092,0.8818,0.8377,0.8077,0.8095,0.8848,0.8954,0.9085,0.0864,0.086,0.0858,0.9218,0.9729,0.9348,0.9718,0.9763,0.999,0.9805,1.0049,0.97,0.0866,0.0861,0.0855,0.9218,0.9088,0.9063,0.0846,0.0837,0.083,0.0841,0.0853,0.0856,0.0859,0.0877,0.0855,0.4411,0.4511,0.4291,0.4415,0.4454,0.4398,0.4455,0.4473,0.4498,0.0882,0.0861,0.0917,0.4758,0.4639,0.465,0.4869,0.4945,0.476,0.4658,0.4681,0.4621,0.0877,0.0859,0.0872,0.0895,0.087,0.0915,0.0885,0.0899,0.0911,0.0903,0.0887,0.0877,0.0865,0.0876,0.0869,0.0879,0.0886,0.089,0.0905,0.0956,0.0892,0.0897,0.0891,0.0891,0.088,0.0875
19:00:00,37,0.0929,0.0868,0.0877,0.0874,0.0871,0.0876,0.0871,0.0873,0.0868,0.0865,0.0861,0.086,0.0853,0.9642,0.926,0.8976,0.8498,0.821,0.8223,0.8942,0.9156,0.9269,0.0862,0.0856,0.0859,0.9374,0.9888,0.9573,0.9877,0.9947,1.0111,0.9938,1.0244,0.9859,0.0868,0.0863,0.0859,0.9418,0.935,0.9328,0.0847,0.0839,0.0832,0.0843,0.0857,0.0858,0.0867,0.0879,0.0856,0.4479,0.4625,0.4347,0.4381,0.4612,0.4437,0.4521,0.451,0.46,0.088,0.0859,0.0899,0.4749,0.4614,0.4579,0.4884,0.4869,0.4648,0.4641,0.4713,0.4635,0.0867,0.0861,0.0865,0.0894,0.0874,0.0915,0.0888,0.0901,0.0918,0.0907,0.0889,0.088,0.0871,0.0876,0.0868,0.0881,0.0899,0.0888,0.0907,0.0955,0.0898,0.0892,0.0891,0.0894,0.0884,0.0873
19:15:00,37,0.0932,0.0878,0.0878,0.0879,0.0872,0.0879,0.0878,0.0877,0.087,0.0873,0.0862,0.0864,0.0854,0.991,0.9542,0.9338,0.8821,0.8473,0.849,0.9238,0.9432,0.9536,0.0857,0.0859,0.0857,0.944,0.9957,0.9717,0.9958,1.0052,1.0163,1.0051,1.0322,1.0009,0.0866,0.0859,0.086,0.9522,0.9536,0.9471,0.0847,0.0836,0.083,0.0841,0.0857,0.0855,0.0859,0.0883,0.0878,0.448,0.4608,0.4413,0.4494,0.4641,0.453,0.458,0.4582,0.4651,0.0873,0.0856,0.0942,0.4893,0.4801,0.4733,0.5104,0.5039,0.4827,0.4735,0.4785,0.4641,0.0865,0.0861,0.0868,0.0894,0.0877,0.091,0.0887,0.09,0.0916,0.0908,0.0888,0.0877,0.0869,0.0872,0.0867,0.0883,0.0912,0.089,0.0908,0.0963,0.0899,0.0909,0.0894,0.0894,0.0886,0.0873
19:30:00,37,0.0926,0.0867,0.0874,0.0873,0.0867,0.087,0.0873,0.0873,0.0869,0.0868,0.086,0.0858,0.0856,0.9987,0.9617,0.9404,0.8871,0.8521,0.8488,0.9284,0.9419,0.9476,0.0859,0.0858,0.0859,0.9642,1.011,0.9857,1.0083,1.0248,1.0433,1.0272,1.0528,1.0188,0.086,0.086,0.0862,0.9632,0.9599,0.9619,0.0846,0.0838,0.0832,0.084,0.0856,0.0857,0.0861,0.0877,0.0856,0.4494,0.4644,0.4401,0.449,0.453,0.4504,0.4552,0.4581,0.4692,0.0872,0.1242,0.0931,0.4878,0.4788,0.4734,0.5056,0.507,0.4885,0.4794,0.4797,0.4672,0.0873,0.0931,0.0868,0.0896,0.0874,0.0916,0.0888,0.0902,0.0914,0.0908,0.089,0.0885,0.0874,0.0877,0.0863,0.0879,0.0899,0.089,0.0902,0.095,0.0893,0.0916,0.0894,0.0893,0.0882,0.0871
19:45:00,37,0.0932,0.087,0.0878,0.0873,0.0869,0.0877,0.0874,0.0873,0.087,0.0869,0.0869,0.086,0.0858,1.0201,0.9824,0.9634,0.9028,0.8569,0.8654,0.9404,0.9592,0.9699,0.0856,0.0856,0.0862,0.9823,1.023,0.9967,1.0266,1.0346,1.0509,1.0373,1.0632,1.033,0.0864,0.0859,0.0851,0.9767,0.9784,0.98,0.0848,0.0838,0.0829,0.084,0.0855,0.0855,0.0861,0.0872,0.0864,0.4577,0.4664,0.4425,0.454,0.4635,0.4545,0.4601,0.4663,0.4664,0.0872,0.0861,0.0904,0.4959,0.4929,0.4822,0.5223,0.5166,0.4996,0.4829,0.4891,0.4763,0.0861,0.0859,0.0862,0.0891,0.0872,0.0915,0.0888,0.0903,0.0912,0.0905,0.0889,0.0878,0.0869,0.0871,0.0867,0.0883,0.09,0.0891,0.0908,0.0956,0.0903,0.0897,0.0893,0.0893,0.0885,0.0875
20:00:00,37,0.093,0.0871,0.0874,0.0873,0.0868,0.0875,0.0874,0.0876,0.0866,0.0867,0.0863,0.0863,0.0855,1.0246,0.9857,0.9716,0.9093,0.8717,0.8693,0.9428,0.9684,0.9696,0.086,0.0861,0.0861,0.9921,1.0371,1.014,1.0415,1.0529,1.0677,1.0484,1.0765,1.0468,0.0861,0.0865,0.0862,0.9872,0.9885,0.9915,0.0847,0.0837,0.0831,0.0843,0.0853,0.0859,0.0862,0.088,0.0863,0.46,0.4637,0.4491,0.4581,0.4663,0.4605,0.4676,0.4686,0.4682,0.0864,0.0858,0.088,0.4881,0.4826,0.4755,0.5045,0.4842,0.4772,0.4826,0.4834,0.4791,0.0859,0.0873,0.0866,0.0893,0.0875,0.0916,0.0891,0.0903,0.0911,0.091,0.0889,0.088,0.0866,0.0875,0.0891,0.0883,0.089,0.089,0.0906,0.0956,0.0897,0.0898,0.089,0.0892,0.0883,0.0871
20:15:00,37,0.0929,0.0874,0.0877,0.0874,0.0874,0.0877,0.0874,0.0873,0.0873,0.0868,0.0863,0.0866,0.0854,1.0392,1.0088,0.9956,0.9277,0.8799,0.8795,0.9562,0.9783,0.9842,0.0858,0.0861,0.0858,1.0118,1.053,1.0333,1.0594,1.0669,1.0836,1.0668,1.0935,1.0633,0.0858,0.0871,0.0858,1.0026,1.0082,1.0114,0.0844,0.0838,0.0831,0.0841,0.0856,0.0858,0.086,0.0876,0.0854,0.4646,0.4679,0.4514,0.4586,0.4702,0.4618,0.4661,0.4666,0.4673,0.0866,0.0859,0.0897,0.4986,0.4964,0.5001,0.5188,0.5004,0.4918,0.4904,0.4879,0.4784,0.0871,0.086,0.0866,0.0894,0.0872,0.0916,0.0891,0.09,0.0914,0.0905,0.089,0.0883,0.0871,0.0869,0.1098,0.088,0.0899,0.0885,0.0902,0.096,0.0897,0.1064,0.0899,0.0887,0.0879,0.0873
20:30:00,37,0.093,0.0874,0.0868,0.087,0.0867,0.0872,0.0871,0.0872,0.0865,0.0868,0.0859,0.0859,0.0852,1.053,1.0177,1.0047,0.941,0.8887,0.8922,0.9681,0.9842,0.9935,0.0862,0.086,0.0857,1.0179,1.0592,1.0423,1.067,1.0766,1.0916,1.0756,1.0985,1.0756,0.0859,0.0865,0.0857,1.0102,1.0176,1.024,0.0849,0.0838,0.083,0.0841,0.0856,0.0859,0.0863,0.0879,0.0857,0.4654,0.4713,0.4559,0.4671,0.472,0.4628,0.4711,0.4673,0.4804,0.0869,0.0873,0.09,0.5029,0.4996,0.4933,0.5192,0.495,0.4829,0.4988,0.4961,0.4868,0.0858,0.087,0.0865,0.0888,0.0871,0.0911,0.0886,0.0899,0.0917,0.0906,0.0888,0.0877,0.0867,0.0872,0.0866,0.0888,0.0894,0.089,0.0909,0.0967,0.0899,0.094,0.0898,0.0895,0.0886,0.0878
20:45:00,37,0.0931,0.0871,0.0873,0.0874,0.087,0.0871,0.087,0.0872,0.0873,0.087,0.0864,0.0862,0.0852,1.0706,1.0413,1.0218,0.9599,0.9031,0.9102,0.9818,1.0012,1.009,0.0857,0.0854,0.0856,1.028,1.0668,1.0515,1.0766,1.0837,1.104,1.0851,1.1095,1.0859,0.0861,0.0862,0.0856,1.0265,1.0302,1.0343,0.0848,0.0838,0.0833,0.0839,0.0857,0.0856,0.0869,0.0877,0.0963,0.4659,0.4769,0.4551,0.4668,0.4773,0.4649,0.4747,0.4755,0.4848,0.0864,0.096,0.0911,0.5199,0.5098,0.5102,0.5342,0.5133,0.4961,0.503,0.502,0.4925,0.0858,0.0861,0.0867,0.0892,0.0875,0.0917,0.0888,0.0905,0.0943,0.0913,0.0892,0.0882,0.0868,0.0873,0.0868,0.0882,0.0895,0.0889,0.0909,0.0954,0.0893,0.0889,0.0891,0.0887,0.0882,0.0874
21:00:00,37,0.0932,0.0867,0.0871,0.0867,0.0864,0.0874,0.0872,0.0874,0.0867,0.0871,0.0861,0.0861,0.0857,1.0753,1.0441,1.0303,0.9648,0.9047,0.9111,0.9937,1.0122,1.0204,0.086,0.0858,0.0866,1.0402,1.0774,1.0625,1.0852,1.0995,1.1105,1.0964,1.1183,1.0984,0.0861,0.0863,0.0854,1.0296,1.039,1.0451,0.0847,0.0834,0.0832,0.0842,0.0857,0.0858,0.0862,0.0881,0.0957,0.4697,0.4775,0.4604,0.4698,0.4768,0.4676,0.4802,0.4838,0.4816,0.0864,0.0858,0.098,0.5143,0.5015,0.5011,0.5268,0.4979,0.4824,0.5167,0.5038,0.4897,0.0858,0.0864,0.0866,0.0894,0.0871,0.0915,0.0887,0.09,0.092,0.0905,0.0889,0.0877,0.0866,0.0877,0.087,0.0884,0.0892,0.0888,0.0907,0.096,0.0895,0.0892,0.0895,0.0894,0.0882,0.0876
21:15:00,37,0.0929,0.0869,0.0869,0.0868,0.0867,0.0871,0.0869,0.0873,0.0863,0.0869,0.086,0.0857,0.0857,1.0836,1.0514,1.0385,0.9699,0.9187,0.9162,0.9887,1.0181,1.026,0.0861,0.0859,0.0861,1.0532,1.0911,1.0784,1.1,1.1167,1.1298,1.1115,1.1361,1.115,0.0859,0.0862,0.0858,1.0428,1.0511,1.0589,0.0847,0.0835,0.083,0.0839,0.0853,0.0857,0.0859,0.0878,0.0884,0.4735,0.4727,0.4602,0.4752,0.4813,0.4669,0.4811,0.482,0.492,0.0863,0.0861,0.0917,0.5252,0.5117,0.5137,0.542,0.5088,0.4965,0.5174,0.5132,0.4981,0.0864,0.0863,0.0885,0.0892,0.0871,0.0913,0.0886,0.0899,0.0915,0.0902,0.0893,0.0878,0.0877,0.0868,0.0869,0.0885,0.0896,0.0891,0.0909,0.096,0.0897,0.1021,0.0894,0.0895,0.0887,0.1425
21:30:00,37,0.0929,0.0871,0.0872,0.0871,0.087,0.0873,0.0873,0.0874,0.087,0.0869,0.0866,0.0858,0.0853,1.0917,1.0609,1.0348,0.9665,0.912,0.9198,0.9964,1.0133,1.0324,0.0859,0.0861,0.0866,1.0586,1.0937,1.0818,1.1049,1.1196,1.1324,1.1195,1.1414,1.1245,0.0862,0.087,0.0859,1.0438,1.0581,1.0664,0.0848,0.0837,0.0833,0.0843,0.0857,0.0857,0.0859,0.0879,0.0855,0.4791,0.4829,0.4714,0.4799,0.4938,0.4778,0.4888,0.4842,0.4921,0.0861,0.0909,0.0888,0.5222,0.5057,0.5075,0.539,0.5062,0.4899,0.5284,0.5313,0.5085,0.0862,0.0868,0.0866,0.0894,0.0872,0.0913,0.0886,0.0897,0.0911,0.0904,0.0887,0.088,0.0873,0.0871,0.0867,0.0882,0.089,0.0885,0.0908,0.096,0.0892,0.0895,0.0892,0.089,0.0886,0.09
21:45:00,37,0.0932,0.0871,0.0874,0.0872,0.087,0.0874,0.0872,0.0876,0.0868,0.087,0.0864,0.0866,0.0853,1.1054,1.0821,1.0597,1.0059,0.9421,0.9471,1.0173,1.0437,1.0546,0.0856,0.0858,0.0855,1.0588,1.1026,1.0901,1.1148,1.1303,1.1427,1.1262,1.147,1.1253,0.0861,0.0856,0.0861,1.053,1.0694,1.075,0.0847,0.0836,0.0829,0.0841,0.0857,0.0857,0.086,0.0879,0.085,0.4811,0.4874,0.4713,0.4884,0.4925,0.4774,0.4917,0.4902,0.4892,0.0869,0.0859,0.0899,0.5326,0.5132,0.5198,0.5511,0.5204,0.5108,0.5383,0.5439,0.5158,0.0868,0.0863,0.0868,0.0892,0.0872,0.0914,0.0884,0.09,0.0911,0.0907,0.0889,0.088,0.0868,0.0871,0.0875,0.0881,0.0893,0.0886,0.0902,0.0977,0.0894,0.0896,0.0894,0.0896,0.0884,0.0871
22:00:00,37,0.0931,0.0871,0.0872,0.0868,0.0869,0.0869,0.087,0.0874,0.0867,0.0868,0.0864,0.0857,0.0855,1.1117,1.0794,1.071,1.012,0.9433,0.9558,1.016,1.0445,1.0548,0.086,0.0859,0.0857,1.0692,1.1166,1.1011,1.1261,1.1393,1.1545,1.1391,1.1593,1.1368,0.0856,0.0859,0.0859,1.0661,1.0799,1.0854,0.0848,0.0834,0.0831,0.0842,0.0855,0.0861,0.0861,0.0879,0.0879,0.4841,0.4929,0.4681,0.4801,0.4895,0.4803,0.4852,0.4875,0.4949,0.0862,0.0861,0.0903,0.532,0.5165,0.5269,0.5521,0.5356,0.5263,0.5556,0.544,0.5154,0.0857,0.0862,0.0885,0.0896,0.0869,0.0914,0.0887,0.0896,0.0914,0.0909,0.089,0.0877,0.0866,0.0872,0.0865,0.0883,0.0894,0.0887,0.0905,0.0959,0.0896,0.0895,0.0892,0.0893,0.0878,0.0873
22:15:00,37,0.0931,0.0874,0.0879,0.0872,0.0865,0.0873,0.0872,0.0876,0.0876,0.0871,0.0859,0.0865,0.0852,1.1211,1.1037,1.0764,1.027,0.9516,0.9656,1.0334,1.0578,1.0715,0.0854,0.0856,0.086,1.0869,1.1241,1.1109,1.1347,1.1471,1.1642,1.1482,1.1691,1.1482,0.0858,0.0862,0.0856,1.0744,1.0891,1.0975,0.0848,0.0836,0.0831,0.0843,0.0855,0.0858,0.0862,0.0879,0.0853,0.4833,0.498,0.4733,0.487,0.4963,0.4805,0.4914,0.4965,0.5063,0.0867,0.0855,0.0971,0.529,0.5097,0.5237,0.555,0.5323,0.5196,0.5704,0.5555,0.5247,0.086,0.0861,0.0869,0.0893,0.0874,0.0917,0.0888,0.0901,0.0918,0.0908,0.089,0.0881,0.0871,0.0874,0.0871,0.0884,0.0901,0.0892,0.0913,0.0957,0.091,0.1035,0.0897,0.0896,0.0883,0.0874
22:30:00,37,0.0929,0.0879,0.0874,0.087,0.0866,0.0874,0.0872,0.0872,0.0866,0.0874,0.0862,0.0862,0.0853,1.13,1.1015,1.079,1.0146,0.9454,0.9581,1.0283,1.0504,1.0614,0.0856,0.086,0.0857,1.0937,1.1313,1.1202,1.1441,1.1591,1.1726,1.1584,1.1796,1.1613,0.0867,0.0943,0.0858,1.0804,1.0982,1.1054,0.0847,0.0835,0.083,0.0841,0.0854,0.0858,0.0861,0.0875,0.0859,0.4882,0.4912,0.4782,0.4939,0.5024,0.4914,0.4992,0.502,0.5058,0.0867,0.0861,0.097,0.523,0.5053,0.5091,0.544,0.5194,0.5061,0.5849,0.5617,0.5223,0.0871,0.0867,0.0869,0.0896,0.0872,0.0915,0.0887,0.0901,0.0919,0.0907,0.089,0.088,0.0867,0.0878,0.0866,0.0882,0.0895,0.0887,0.0908,0.0958,0.0902,0.0896,0.0895,0.0893,0.0882,0.0879
22:45:00,37,0.0931,0.0922,0.0873,0.087,0.0869,0.0872,0.0868,0.0872,0.0867,0.0868,0.0866,0.0862,0.0854,1.1327,1.1135,1.1073,1.0359,0.964,0.9746,1.0486,1.0711,1.0842,0.0856,0.0858,0.0858,1.0957,1.1362,1.1265,1.1515,1.1665,1.183,1.1677,1.1855,1.1654,0.0861,0.0861,0.0856,1.0896,1.108,1.1158,0.0847,0.0836,0.0832,0.084,0.0856,0.0856,0.0864,0.0877,0.0885,0.4911,0.5026,0.4798,0.4884,0.4984,0.489,0.5008,0.505,0.5098,0.0868,0.0876,0.0908,0.535,0.5252,0.5297,0.5693,0.5561,0.5401,0.6127,0.5924,0.5362,0.0877,0.0857,0.0873,0.0893,0.0869,0.0916,0.0886,0.09,0.0914,0.0907,0.089,0.0877,0.0871,0.0874,0.0867,0.0878,0.0889,0.0888,0.0904,0.0964,0.0895,0.0906,0.0893,0.0887,0.0882,0.0873
23:00:00,37,0.093,0.0926,0.0872,0.0868,0.0866,0.0868,0.0872,0.0873,0.0872,0.0871,0.0861,0.0866,0.0853,1.1424,1.1189,1.0985,1.031,0.9605,0.9775,1.0565,1.0815,1.0876,0.0856,0.0855,0.086,1.1119,1.1465,1.1343,1.159,1.1754,1.1912,1.1736,1.1945,1.1773,0.0887,0.0859,0.0858,1.0978,1.1157,1.1242,0.0849,0.0838,0.0832,0.0842,0.0857,0.086,0.0863,0.0883,0.0857,0.5007,0.4983,0.486,0.4894,0.503,0.4897,0.5048,0.5064,0.5071,0.086,0.0943,0.0916,0.5241,0.5129,0.5109,0.5539,0.5353,0.5202,0.6324,0.6011,0.5322,0.0858,0.0939,0.0866,0.0895,0.0874,0.0913,0.0886,0.0899,0.0914,0.0906,0.0892,0.088,0.088,0.087,0.0864,0.0878,0.0895,0.0889,0.0906,0.0959,0.0901,0.1012,0.0891,0.0894,0.0881,0.0874
23:15:00,37,0.0932,0.1035,0.0874,0.0872,0.0873,0.0872,0.0871,0.0876,0.0872,0.087,0.0862,0.0862,0.085,1.1521,1.133,1.1211,1.0424,0.9744,0.9883,1.068,1.0947,1.1086,0.0859,0.0854,0.0886,1.1252,1.1582,1.1502,1.1671,1.1869,1.2025,1.1828,1.201,1.1835,0.0861,0.0903,0.0858,1.1119,1.1277,1.1359,0.0848,0.0837,0.0832,0.0843,0.0856,0.0857,0.086,0.0877,0.0849,0.4984,0.506,0.4804,0.4973,0.503,0.4927,0.504,0.5066,0.5165,0.0867,0.0929,0.095,0.5328,0.5251,0.5201,0.5692,0.5613,0.5471,0.6563,0.615,0.544,0.0859,0.0859,0.0865,0.0886,0.0872,0.0914,0.0886,0.0897,0.0912,0.0909,0.0884,0.0878,0.0869,0.0869,0.0871,0.0879,0.0891,0.089,0.0904,0.0957,0.0898,0.0892,0.0893,0.0892,0.088,0.0872
23:30:00,37,0.0931,0.0898,0.0875,0.0867,0.0868,0.0873,0.087,0.0875,0.0874,0.0867,0.087,0.0863,0.0862,1.1591,1.1347,1.1183,1.0539,0.984,1.0002,1.0764,1.1013,1.1154,0.0873,0.0857,0.0859,1.1202,1.1536,1.1508,1.1708,1.1897,1.2061,1.1825,1.203,1.1796,0.087,0.0864,0.0854,1.1078,1.1271,1.1362,0.0844,0.0834,0.0832,0.0842,0.0853,0.0857,0.0873,0.0878,0.0885,0.5012,0.4992,0.486,0.5045,0.503,0.4962,0.5182,0.5107,0.5203,0.0877,0.0945,0.097,0.5317,0.5246,0.5218,0.5635,0.5575,0.5443,0.67,0.6302,0.5569,0.0879,0.0889,0.0867,0.0892,0.0875,0.0917,0.0887,0.0902,0.0924,0.0909,0.0889,0.0881,0.0884,0.0874,0.0948,0.0879,0.0903,0.0885,0.0901,0.0953,0.0894,0.0909,0.0893,0.0894,0.0894,0.0875
23:45:00,37,0.093,0.0872,0.0883,0.0871,0.0868,0.0875,0.087,0.0877,0.087,0.0868,0.0862,0.086,0.0858,1.1612,1.143,1.1296,1.0616,0.9962,1.0176,1.0855,1.104,1.117,0.086,0.0857,0.0865,1.1333,1.167,1.1585,1.1814,1.2011,1.2194,1.196,1.2136,1.1868,0.0865,0.0861,0.0858,1.1179,1.1361,1.1455,0.0847,0.0837,0.0831,0.084,0.0854,0.0857,0.0863,0.088,0.0854,0.5063,0.5071,0.4879,0.5099,0.506,0.494,0.5125,0.5081,0.5166,0.0871,0.0914,0.1035,0.5294,0.5271,0.5218,0.5658,0.5591,0.5458,0.7,0.6596,0.5573,0.0872,0.086,0.0865,0.0897,0.0873,0.0914,0.0887,0.0898,0.0927,0.0903,0.0886,0.0878,0.0868,0.0874,0.0866,0.0881,0.0891,0.089,0.0903,0.0959,0.0894,0.0963,0.0893,0.0896,0.0883,0.0879
1.00:00:00,37,0.0932,0.0876,0.1001,0.0877,0.087,0.0873,0.0872,0.0876,0.0868,0.0869,0.0862,0.0859,0.0852,1.1626,1.144,1.1369,1.0752,1.0155,1.0305,1.1028,1.1298,1.1331,0.0855,0.0855,0.0872,1.1361,1.167,1.1605,1.1812,1.2024,1.2167,1.1968,1.2192,1.1901,0.0861,0.0858,0.0858,1.1213,1.1339,1.1468,0.0846,0.0836,0.0832,0.0841,0.0856,0.0857,0.0864,0.0876,0.0873,0.5075,0.5139,0.4878,0.508,0.5084,0.5036,0.5127,0.5153,0.5191,0.0871,0.0859,0.1146,0.5348,0.5317,0.532,0.5731,0.5692,0.556,0.7191,0.6754,0.5622,0.0867,0.0861,0.0866,0.089,0.0873,0.0913,0.0887,0.0902,0.0924,0.0904,0.0886,0.0876,0.0866,0.0874,0.0867,0.0883,0.0888,0.089,0.0903,0.0957,0.089,0.0893,0.0889,0.0896,0.0882,0.0874
,,,,,,,,,,,,,,,,,,,,,,,,,,,,,,,,,,,,,,,,,,,,,,,,,,,,,,,,,,,,,,,,,,,,,,,,,,,,,,,,,,,,,,,,,,,,,,,,,
,,A1,A2,A3,A4,A5,A6,A7,A8,A9,A10,A11,A12,B1,B2,B3,B4,B5,B6,B7,B8,B9,B10,B11,B12,C1,C2,C3,C4,C5,C6,C7,C8,C9,C10,C11,C12,D1,D2,D3,D4,D5,D6,D7,D8,D9,D10,D11,D12,E1,E2,E3,E4,E5,E6,E7,E8,E9,E10,E11,E12,F1,F2,F3,F4,F5,F6,F7,F8,F9,F10,F11,F12,G1,G2,G3,G4,G5,G6,G7,G8,G9,G10,G11,G12,H1,H2,H3,H4,H5,H6,H7,H8,H9,H10,H11,H12
,,1.35E-05,0.000180237,-0.000437268,-0.000701487,-8.75E-05,6.87E-05,-0.000139999,-0.000224157,-0.000245371,1.53E-05,-5.54E-05,-0.000220212,0.000150081,0.810977628,0.780456729,0.760361175,0.711246406,0.66714575,0.675513623,0.716552967,0.735872168,0.745279648,1.16E-05,-8.11E-05,0.000411845,0.796359405,0.821632039,0.816117715,0.83882881,0.845859194,0.859482081,0.832721439,0.855033225,0.843703187,0.000693246,0.000212147,-0.000186549,0.780464356,0.783689687,0.792711182,-0.001216162,-0.001112455,-0.001035925,-0.000988498,-0.00083421,-0.000605933,0.000461551,-2.52E-05,0.001401483,0.312270058,0.307241742,0.297010397,0.297416895,0.306481959,0.296716986,0.309234431,0.310632671,0.317242005,0.000136931,0.002475892,0.005381338,0.347825496,0.346795796,0.343023091,0.36831396,0.366908444,0.356815345,0.353148099,0.343143278,0.308410302,-3.71E-05,-0.000102742,0.000548864,0.000518795,0.000272898,0.000509853,0.001265955,0.001143488,0.001599867,0.001253507,0.001128936,0.000851655,0.000137808,-0.000442265,0.001657199,0.000260713,5.77E-05,0.00029832,0.001015674,0.001240971,0.00138246,0.003917438,0.001155235,0.000932218,-0.000305509,0.001560067
~End,,,,,,,,,,,,,,,,,,,,,,,,,,,,,,,,,,,,,,,,,,,,,,,,,,,,,,,,,,,,,,,,,,,,,,,,,,,,,,,,,,,,,,,,,,,,,,,,,
Original Filename: 2024-06-30 pilA Anc new G1 B1; Date Last Saved: 6/30/2024 3:52:56 PM,,,,,,,,,,,,,,,,,,,,,,,,,,,,,,,,,,,,,,,,,,,,,,,,,,,,,,,,,,,,,,,,,,,,,,,,,,,,,,,,,,,,,,,,,,,,,,,,,