sample,num,Target.Name,CT,Ct.Mean,Ct.SD,Automatic.Ct.Threshold,Ct.Threshold,Automatic.Baseline,Baseline.Start,Baseline.End,Amp.Status,Cq.Conf,Tm1,Tm2,Tm3,Tm4,HIGHSD,MTP,df,hour_num,CT_num,dil_log10copies,dil_copies,copies,log10copies
B1,t0,pflM2,26.695,26.598,0.304,TRUE,0.321,TRUE,3,21,Amp,0.965,91.328,NA,NA,NA,N,N,dil_qPCR_1,0,26.695,3.275471591,1885.695616,18856.95616,4.275471591
B1,t0,pflM2,26.257,26.598,0.304,TRUE,0.321,TRUE,3,20,Amp,0.966,91.317,NA,NA,NA,N,N,dil_qPCR_1,0,26.257,3.395079201,2483.585989,24835.85989,4.395079201
B1,t33,pflM2,12.877,13.271,0.627,TRUE,0.321,TRUE,3,8,Amp,0.923,91.458,NA,NA,NA,Y,N,dil_qPCR_1,33,12.877,7.04884591,11190407.7,111904077,8.04884591
B1,t33,pflM2,12.941,13.271,0.627,TRUE,0.321,TRUE,3,8,Amp,0.965,91.371,NA,NA,NA,Y,N,dil_qPCR_1,33,12.941,7.031368999,10749023.16,107490231.6,8.031368999
B1,t33,pflM2,13.994,13.271,0.627,TRUE,0.321,TRUE,3,8,Amp,0.929,91.371,NA,NA,NA,Y,N,dil_qPCR_1,33,13.994,6.743819197,5543948.626,55439486.26,7.743819197
B1,t76,pflM2,26.202,26.115,0.12,TRUE,0.321,TRUE,3,20,Amp,0.959,91.404,NA,NA,NA,N,N,dil_qPCR_1,76,26.202,3.410098422,2570.978362,25709.78362,4.410098422
B1,t76,pflM2,25.978,26.115,0.12,TRUE,0.321,TRUE,3,19,Amp,0.957,91.404,NA,NA,NA,N,N,dil_qPCR_1,76,25.978,3.47126761,2959.835741,29598.35741,4.47126761
B1,t76,pflM2,26.165,26.115,0.12,TRUE,0.321,TRUE,3,20,Amp,0.96,91.645,NA,NA,NA,N,N,dil_qPCR_1,76,26.165,3.420202261,2631.493252,26314.93252,4.420202261
B2,t30,pflM2,15.627,15.88,0.376,TRUE,0.321,TRUE,3,10,Amp,0.925,91.645,NA,NA,NA,N,N,dil_qPCR_1,30,15.627,6.29788489,1985568.57,19855685.7,7.29788489
B2,t30,pflM2,15.701,15.88,0.376,TRUE,0.321,TRUE,3,10,Amp,0.942,91.626,NA,NA,NA,N,N,dil_qPCR_1,30,15.701,6.277677211,1895296.721,18952967.21,7.277677211
B2,t30,pflM2,16.311,15.88,0.376,TRUE,0.321,TRUE,3,11,Amp,0.972,92.05,NA,NA,NA,N,N,dil_qPCR_1,30,16.311,6.111100403,1291517.821,12915178.21,7.111100403
B1,t3,pflM2,18.767,19.028,0.227,TRUE,0.321,TRUE,3,12,Amp,0.956,91.469,NA,NA,NA,N,N,dil_qPCR_1,3,18.767,5.440423943,275691.8598,2756918.598,6.440423943
B1,t3,pflM2,19.184,19.028,0.227,TRUE,0.321,TRUE,3,13,Amp,0.959,91.328,NA,NA,NA,N,N,dil_qPCR_1,3,19.184,5.326550945,212105.0187,2121050.187,6.326550945
B1,t3,pflM2,19.132,19.028,0.227,TRUE,0.321,TRUE,3,14,Amp,0.953,91.317,NA,NA,NA,N,N,dil_qPCR_1,3,19.132,5.340750935,219154.7737,2191547.737,6.340750935
B1,t36,pflM2,14.192,14.448,0.263,TRUE,0.321,TRUE,3,9,Amp,0.948,91.317,NA,NA,NA,N,N,dil_qPCR_1,36,14.192,6.689750004,4894969.653,48949696.53,7.689750004
B1,t36,pflM2,14.718,14.448,0.263,TRUE,0.321,TRUE,3,9,Amp,0.939,91.229,NA,NA,NA,N,N,dil_qPCR_1,36,14.718,6.546111641,3516508.255,35165082.55,7.546111641
B1,t36,pflM2,14.434,14.448,0.263,TRUE,0.321,TRUE,3,9,Amp,0.945,91.229,NA,NA,NA,N,N,dil_qPCR_1,36,14.434,6.623665434,4204026.393,42040263.93,7.623665434
B2,t0,pflM2,25.1,25.573,0.43,TRUE,0.321,TRUE,3,19,Amp,0.957,91.263,NA,NA,NA,N,N,dil_qPCR_1,0,25.1,3.711028983,5140.779579,51407.79579,4.711028983
B2,t0,pflM2,25.94,25.573,0.43,TRUE,0.321,TRUE,3,20,Amp,0.971,91.362,NA,NA,NA,N,N,dil_qPCR_1,0,25.94,3.481644526,3031.408933,30314.08933,4.481644526
B1,t6,pflM2,14.988,14.993,0.015,TRUE,0.321,TRUE,3,9,Amp,0.944,91.328,NA,NA,NA,N,N,dil_qPCR_1,6,14.988,6.472380923,2967433.006,29674330.06,7.472380923
B1,t6,pflM2,14.981,14.993,0.015,TRUE,0.321,TRUE,3,10,Amp,0.943,91.187,NA,NA,NA,N,N,dil_qPCR_1,6,14.981,6.47429246,2980522.88,29805228.8,7.47429246
B1,t6,pflM2,15.01,14.993,0.015,TRUE,0.321,TRUE,3,9,Amp,0.958,91.176,NA,NA,NA,N,N,dil_qPCR_1,6,15.01,6.466373235,2926666.489,29266664.89,7.466373235
B1,t48,pflM2,14.014,14.22,0.2,TRUE,0.321,TRUE,3,8,Amp,0.954,91.317,NA,NA,NA,N,N,dil_qPCR_1,48,14.014,6.738357662,5474666.424,54746664.24,7.738357662
B1,t48,pflM2,14.413,14.22,0.2,TRUE,0.321,TRUE,3,9,Amp,0.951,91.229,NA,NA,NA,N,N,dil_qPCR_1,48,14.413,6.629400045,4259906.288,42599062.88,7.629400045
B1,t48,pflM2,14.233,14.22,0.2,TRUE,0.321,TRUE,3,8,Amp,0.943,91.229,NA,NA,NA,N,N,dil_qPCR_1,48,14.233,6.678553858,4770389.688,47703896.88,7.678553858
B2,t3,pflM2,20.953,21.583,0.559,TRUE,0.321,TRUE,3,15,Amp,0.961,91.123,NA,NA,NA,Y,N,dil_qPCR_1,3,20.953,4.843478201,69739.39915,697393.9915,5.843478201
B2,t3,pflM2,21.777,21.583,0.559,TRUE,0.321,TRUE,3,16,Amp,0.96,91.123,NA,NA,NA,Y,N,dil_qPCR_1,3,21.777,4.618462972,41539.6633,415396.633,5.618462972
B2,t3,pflM2,22.02,21.583,0.559,TRUE,0.321,TRUE,3,14,Amp,0.969,91.221,NA,NA,NA,Y,N,dil_qPCR_1,3,22.02,4.552105326,35653.75908,356537.5908,5.552105326
B2,t36,pflM2,12.293,12.503,0.253,TRUE,0.321,TRUE,3,6,Amp,0.964,91.362,NA,NA,NA,N,N,dil_qPCR_1,36,12.293,7.208322723,16155586.26,161555862.6,8.208322723
B2,t36,pflM2,12.433,12.503,0.253,TRUE,0.321,TRUE,3,6,Amp,0.96,91.062,NA,NA,NA,N,N,dil_qPCR_1,36,12.433,7.17009198,14794216.84,147942168.4,8.17009198
B2,t36,pflM2,12.784,12.503,0.253,TRUE,0.321,TRUE,3,7,Amp,0.96,91.344,NA,NA,NA,N,N,dil_qPCR_1,36,12.784,7.074242046,11864297.98,118642979.8,8.074242046
B1,t9,pflM2,12.493,13.185,0.978,TRUE,0.321,TRUE,3,6,Amp,0.966,91.187,NA,NA,NA,Y,N,dil_qPCR_1,9,12.493,7.153707376,14246473.54,142464735.4,8.153707376
B1,t9,pflM2,12.757,13.185,0.978,TRUE,0.321,TRUE,3,7,Amp,0.967,91.187,NA,NA,NA,Y,N,dil_qPCR_1,9,12.757,7.081615118,12067439.16,120674391.6,8.081615118
B1,t9,pflM2,14.304,13.185,0.978,TRUE,0.321,TRUE,3,9,Amp,0.945,91.176,NA,NA,NA,Y,N,dil_qPCR_1,9,14.304,6.659165409,4562106.395,45621063.95,7.659165409
B1,t51,pflM2,21.907,21.81,0.085,TRUE,0.321,TRUE,3,16,Amp,0.962,91.176,NA,NA,NA,N,N,dil_qPCR_1,51,21.907,4.582962997,38279.21266,382792.1266,5.582962997
B1,t51,pflM2,21.777,21.81,0.085,TRUE,0.321,TRUE,3,14,Amp,0.965,91.088,NA,NA,NA,N,N,dil_qPCR_1,51,21.777,4.618462972,41539.6633,415396.633,5.618462972
B1,t51,pflM2,21.746,21.81,0.085,TRUE,0.321,TRUE,3,14,Amp,0.963,91.229,NA,NA,NA,N,N,dil_qPCR_1,51,21.746,4.626928351,42357.30799,423573.0799,5.626928351
B2,t6,pflM2,13.989,14.374,0.348,TRUE,0.321,TRUE,3,8,Amp,0.951,91.123,NA,NA,NA,N,N,dil_qPCR_1,6,13.989,6.745184581,5561405.74,55614057.4,7.745184581
B2,t6,pflM2,14.665,14.374,0.348,TRUE,0.321,TRUE,3,8,Amp,0.957,91.263,NA,NA,NA,N,N,dil_qPCR_1,6,14.665,6.560584708,3635672.107,36356721.07,7.560584708
B2,t6,pflM2,14.469,14.374,0.348,TRUE,0.321,TRUE,3,9,Amp,0.966,91.221,NA,NA,NA,N,N,dil_qPCR_1,6,14.469,6.614107748,4112517.398,41125173.98,7.614107748
B2,t48,pflM2,14.03,14.306,0.298,TRUE,0.321,TRUE,3,8,Amp,0.959,91.221,NA,NA,NA,N,N,dil_qPCR_1,48,14.03,6.733988435,5419864.57,54198645.7,7.733988435
B2,t48,pflM2,14.267,14.306,0.298,TRUE,0.321,TRUE,3,9,Amp,0.951,91.062,NA,NA,NA,N,N,dil_qPCR_1,48,14.267,6.669269249,4669487.838,46694878.38,7.669269249
B2,t48,pflM2,14.621,14.306,0.298,TRUE,0.321,TRUE,3,8,Amp,0.959,91.203,NA,NA,NA,N,N,dil_qPCR_1,48,14.621,6.572600085,3737662.511,37376625.11,7.572600085
B1,t12,pflM2,12.98,12.335,0.569,TRUE,0.321,TRUE,3,8,Amp,0.972,91.187,NA,NA,NA,Y,N,dil_qPCR_1,12,12.98,7.020719006,10488635.81,104886358.1,8.020719006
B1,t12,pflM2,12.121,12.335,0.569,TRUE,0.321,TRUE,3,7,Amp,0.96,91.046,NA,NA,NA,Y,N,dil_qPCR_1,12,12.121,7.255291921,18000804.74,180008047.4,8.255291921
B1,t12,pflM2,11.903,12.335,0.569,TRUE,0.321,TRUE,3,6,Amp,0.97,91.176,NA,NA,NA,Y,N,dil_qPCR_1,12,11.903,7.314822649,20645368.98,206453689.8,8.314822649
B1,t54,pflM2,21.267,20.842,0.372,TRUE,0.321,TRUE,3,15,Amp,0.95,91.176,NA,NA,NA,N,N,dil_qPCR_1,54,21.267,4.757732107,57244.28123,572442.8123,5.757732107
B1,t54,pflM2,20.683,20.842,0.372,TRUE,0.321,TRUE,3,15,Amp,0.963,91.088,NA,NA,NA,N,N,dil_qPCR_1,54,20.683,4.91720892,82643.54151,826435.4151,5.91720892
B1,t54,pflM2,20.576,20.842,0.372,TRUE,0.321,TRUE,3,14,Amp,0.953,91.229,NA,NA,NA,N,N,dil_qPCR_1,54,20.576,4.94642813,88395.08754,883950.8754,5.94642813
B2,t9,pflM2,11.921,11.974,0.173,TRUE,0.321,TRUE,3,7,Amp,0.965,91.263,NA,NA,NA,N,N,dil_qPCR_1,9,11.921,7.309907268,20413020.32,204130203.2,8.309907268
B2,t9,pflM2,12.167,11.974,0.173,TRUE,0.321,TRUE,3,7,Amp,0.953,91.221,NA,NA,NA,N,N,dil_qPCR_1,9,12.167,7.242730391,17487607.26,174876072.6,8.242730391
B2,t51,pflM2,22.238,22.23,0.248,TRUE,0.321,TRUE,3,15,Amp,0.967,91.08,NA,NA,NA,N,N,dil_qPCR_1,51,22.238,4.492574597,31086.69823,310866.9823,5.492574597
B2,t51,pflM2,21.978,22.23,0.248,TRUE,0.321,TRUE,3,15,Amp,0.958,90.92,NA,NA,NA,N,N,dil_qPCR_1,51,21.978,4.563574548,36607.8774,366078.774,5.563574548
B2,t51,pflM2,22.473,22.23,0.248,TRUE,0.321,TRUE,3,15,Amp,0.96,91.062,NA,NA,NA,N,N,dil_qPCR_1,51,22.473,4.428401565,26816.46729,268164.6729,5.428401565
B1,t24,pflM2,9.13,8.968,0.403,TRUE,0.321,TRUE,3,5,Amp,0.972,91.187,NA,NA,NA,N,N,dil_qPCR_1,24,9.13,8.072064434,118049576.7,1180495767,9.072064434
B1,t24,pflM2,9.265,8.968,0.403,TRUE,0.321,TRUE,3,5,Amp,0.983,91.046,NA,NA,NA,N,N,dil_qPCR_1,24,9.265,8.035199075,108442388.6,1084423886,9.035199075
B1,t24,pflM2,8.509,8.968,0.403,TRUE,0.321,TRUE,3,4,Amp,0.981,91.317,NA,NA,NA,N,N,dil_qPCR_1,24,8.509,8.241645086,174439601.6,1744396016,9.241645086
B1,t57,pflM2,19.551,19.716,0.144,TRUE,0.321,TRUE,3,13,Amp,0.963,91.176,NA,NA,NA,N,N,dil_qPCR_1,57,19.551,5.226331783,168396.0046,1683960.046,6.226331783
B1,t57,pflM2,19.783,19.716,0.144,TRUE,0.321,TRUE,3,14,Amp,0.964,91.088,NA,NA,NA,N,N,dil_qPCR_1,57,19.783,5.162977981,145538.5289,1455385.289,6.162977981
B1,t57,pflM2,19.814,19.716,0.144,TRUE,0.321,TRUE,3,14,Amp,0.96,91.229,NA,NA,NA,N,N,dil_qPCR_1,57,19.814,5.154512602,142729.1245,1427291.245,6.154512602
B2,t54,pflM2,20.093,20.174,0.116,TRUE,0.321,TRUE,3,14,Amp,0.972,91.08,NA,NA,NA,N,N,dil_qPCR_1,54,20.093,5.078324193,119763.421,1197634.21,6.078324193
B2,t54,pflM2,20.122,20.174,0.116,TRUE,0.321,TRUE,3,14,Amp,0.957,91.062,NA,NA,NA,N,N,dil_qPCR_1,54,20.122,5.070404968,117599.3626,1175993.626,6.070404968
B2,t54,pflM2,20.307,20.174,0.116,TRUE,0.321,TRUE,3,13,Amp,0.963,91.062,NA,NA,NA,N,N,dil_qPCR_1,54,20.307,5.019885772,104685.3168,1046853.168,6.019885772
B1,t27,pflM2,17.165,17.05,0.1,TRUE,0.321,TRUE,3,11,Amp,0.959,91.046,NA,NA,NA,N,N,dil_qPCR_1,27,17.165,5.877892872,754905.9907,7549059.907,6.877892872
B1,t27,pflM2,16.984,17.05,0.1,TRUE,0.321,TRUE,3,11,Amp,0.963,91.046,NA,NA,NA,N,N,dil_qPCR_1,27,16.984,5.927319761,845901.4332,8459014.332,6.927319761
B1,t27,pflM2,17.002,17.05,0.1,TRUE,0.321,TRUE,3,11,Amp,0.954,91.317,NA,NA,NA,N,N,dil_qPCR_1,27,17.002,5.92240438,836381.4259,8363814.259,6.92240438
B1,t60,pflM2,19.3,19.282,0.02,TRUE,0.321,TRUE,3,12,Amp,0.955,91.317,NA,NA,NA,N,N,dil_qPCR_1,60,19.3,5.294874044,197185.0766,1971850.766,6.294874044
B1,t60,pflM2,19.284,19.282,0.02,TRUE,0.321,TRUE,3,13,Amp,0.96,91.229,NA,NA,NA,N,N,dil_qPCR_1,60,19.284,5.299243271,199178.8733,1991788.733,6.299243271
B1,t60,pflM2,19.261,19.282,0.02,TRUE,0.321,TRUE,3,13,Amp,0.96,91.229,NA,NA,NA,N,N,dil_qPCR_1,60,19.261,5.305524036,202080.3271,2020803.271,6.305524036
B2,t24,pflM2,9.898,10.025,0.122,TRUE,0.321,TRUE,3,5,Amp,0.97,91.263,NA,NA,NA,N,N,dil_qPCR_1,24,9.898,7.862341502,72835230.99,728352309.9,8.862341502
B2,t24,pflM2,10.141,10.025,0.122,TRUE,0.321,TRUE,3,5,Amp,0.984,91.123,NA,NA,NA,N,N,dil_qPCR_1,24,10.141,7.795983855,62514945.28,625149452.8,8.795983855
B2,t24,pflM2,10.035,10.025,0.122,TRUE,0.321,TRUE,3,5,Amp,0.968,91.08,NA,NA,NA,N,N,dil_qPCR_1,24,10.035,7.824929989,66823618.54,668236185.4,8.824929989
B1,t30,pflM2,16.214,16.172,0.037,TRUE,0.321,TRUE,3,11,Amp,0.955,91.187,NA,NA,NA,N,N,dil_qPCR_1,30,16.214,6.137588846,1372741.763,13727417.63,7.137588846
B1,t30,pflM2,16.156,16.172,0.037,TRUE,0.321,TRUE,3,10,Amp,0.958,91.046,NA,NA,NA,N,N,dil_qPCR_1,30,16.156,6.153427297,1423728.888,14237288.88,7.153427297
B1,t30,pflM2,16.147,16.172,0.037,TRUE,0.321,TRUE,3,11,Amp,0.944,91.317,NA,NA,NA,N,N,dil_qPCR_1,30,16.147,6.155884988,1431808.669,14318086.69,7.155884988
B1,t72,pflM2,19.563,19.714,0.24,TRUE,0.321,TRUE,3,13,Amp,0.955,91.317,NA,NA,NA,N,N,dil_qPCR_1,72,19.563,5.223054862,167130.1729,1671301.729,6.223054862
B1,t72,pflM2,19.588,19.714,0.24,TRUE,0.321,TRUE,3,13,Amp,0.956,91.229,NA,NA,NA,N,N,dil_qPCR_1,72,19.588,5.216227944,164523.5015,1645235.015,6.216227944
B1,t72,pflM2,19.991,19.714,0.24,TRUE,0.321,TRUE,3,14,Amp,0.962,91.229,NA,NA,NA,N,N,dil_qPCR_1,72,19.991,5.10617802,127696.2136,1276962.136,6.10617802
B2,t27,pflM2,17.356,17.066,0.253,TRUE,0.321,TRUE,3,11,Amp,0.949,91.263,NA,NA,NA,N,N,dil_qPCR_1,27,17.356,5.825735216,669476.3128,6694763.128,6.825735216
B2,t27,pflM2,16.886,17.066,0.253,TRUE,0.321,TRUE,3,11,Amp,0.943,91.263,NA,NA,NA,N,N,dil_qPCR_1,27,16.886,5.954081281,899665.9435,8996659.435,6.954081281
B2,t27,pflM2,16.957,17.066,0.253,TRUE,0.321,TRUE,3,11,Amp,0.946,91.221,NA,NA,NA,N,N,dil_qPCR_1,27,16.957,5.934692833,860385.0046,8603850.046,6.934692833
B3,t0,pflM2,26.035,26.168,0.118,TRUE,0.212,TRUE,3,21,Amp,0.973,91.901,NA,NA,NA,N,N,dil_qPCR_2,0,26.035,3.455702236,2855.631975,28556.31975,4.455702236
B3,t0,pflM2,26.26,26.168,0.118,TRUE,0.212,TRUE,3,20,Amp,0.97,91.474,NA,NA,NA,N,N,dil_qPCR_2,0,26.26,3.394259971,2478.9055,24789.055,4.394259971
B3,t33,pflM2,11.846,12.546,0.628,TRUE,0.212,TRUE,3,7,Amp,0.968,91.615,NA,NA,NA,Y,N,dil_qPCR_2,33,11.846,7.330388023,21398731.18,213987311.8,8.330388023
B3,t33,pflM2,13.06,12.546,0.628,TRUE,0.212,TRUE,3,9,Amp,0.974,91.367,NA,NA,NA,Y,N,dil_qPCR_2,33,13.06,6.998872867,9974080.458,99740804.58,7.998872867
B3,t33,pflM2,12.732,12.546,0.628,TRUE,0.212,TRUE,3,8,Amp,0.971,91.367,NA,NA,NA,Y,N,dil_qPCR_2,33,12.732,7.088442036,12258632.8,122586328,8.088442036
B3,t76,pflM2,22.792,22.563,0.203,TRUE,0.212,TRUE,3,18,Amp,0.959,91.446,NA,NA,NA,N,N,dil_qPCR_2,76,22.792,4.341290086,21942.70106,219427.0106,5.341290086
B3,t76,pflM2,22.406,22.563,0.203,TRUE,0.212,TRUE,3,17,Amp,0.959,91.587,NA,NA,NA,N,N,dil_qPCR_2,76,22.406,4.446697706,27970.33745,279703.3745,5.446697706
B3,t76,pflM2,22.49,22.563,0.203,TRUE,0.212,TRUE,3,16,Amp,0.962,91.64,NA,NA,NA,N,N,dil_qPCR_2,76,22.49,4.42375926,26531.34459,265313.4459,5.42375926
B4,t30,pflM2,13.802,14.543,0.729,TRUE,0.212,TRUE,3,9,Amp,0.949,91.922,NA,NA,NA,Y,N,dil_qPCR_2,30,13.802,6.79624993,6255325.741,62553257.41,7.79624993
B4,t30,pflM2,14.567,14.543,0.729,TRUE,0.212,TRUE,3,9,Amp,0.961,91.761,NA,NA,NA,Y,N,dil_qPCR_2,30,14.567,6.587346228,3866751.193,38667511.93,7.587346228
B4,t30,pflM2,15.26,14.543,0.729,TRUE,0.212,TRUE,3,10,Amp,0.955,92.043,NA,NA,NA,Y,N,dil_qPCR_2,30,15.26,6.398104051,2500944.483,25009444.83,7.398104051
B3,t3,pflM2,20.004,19.478,0.484,TRUE,0.212,TRUE,3,14,Amp,0.962,91.76,NA,NA,NA,N,N,dil_qPCR_2,3,20.004,5.102628022,126656.6574,1266566.574,6.102628022
B3,t3,pflM2,19.379,19.478,0.484,TRUE,0.212,TRUE,3,14,Amp,0.968,91.477,NA,NA,NA,N,N,dil_qPCR_2,3,19.379,5.273300982,187629.4396,1876294.396,6.273300982
B3,t3,pflM2,19.052,19.478,0.484,TRUE,0.212,TRUE,3,13,Amp,0.964,91.615,NA,NA,NA,N,N,dil_qPCR_2,3,19.052,5.362597074,230460.8046,2304608.046,6.362597074
B3,t36,pflM2,11.958,12.147,0.249,TRUE,0.212,TRUE,3,7,Amp,0.958,91.615,NA,NA,NA,N,N,dil_qPCR_2,36,11.958,7.299803429,19943594.19,199435941.9,8.299803429
B3,t36,pflM2,12.054,12.147,0.249,TRUE,0.212,TRUE,3,7,Amp,0.974,91.367,NA,NA,NA,N,N,dil_qPCR_2,36,12.054,7.273588062,18775350.89,187753508.9,8.273588062
B3,t36,pflM2,12.43,12.147,0.249,TRUE,0.212,TRUE,3,8,Amp,0.971,91.367,NA,NA,NA,N,N,dil_qPCR_2,36,12.43,7.17091121,14822150.2,148221502,8.17091121
B4,t0,pflM2,25.707,25.614,0.092,TRUE,0.212,TRUE,3,20,Amp,0.963,91.446,NA,NA,NA,N,N,dil_qPCR_2,0,25.707,3.545271405,3509.711391,35097.11391,4.545271405
B4,t0,pflM2,25.611,25.614,0.092,TRUE,0.212,TRUE,3,21,Amp,0.966,91.446,NA,NA,NA,N,N,dil_qPCR_2,0,25.611,3.571486772,3728.093293,37280.93293,4.571486772
B4,t0,pflM2,25.523,25.614,0.092,TRUE,0.212,TRUE,3,20,Amp,0.971,91.498,NA,NA,NA,N,N,dil_qPCR_2,0,25.523,3.595517524,3940.193265,39401.93265,4.595517524
B4,t33,pflM2,12.287,12.576,0.274,TRUE,0.212,TRUE,3,7,Amp,0.973,91.498,NA,NA,NA,N,N,dil_qPCR_2,33,12.287,7.209961183,16216651.47,162166514.7,8.209961183
B4,t33,pflM2,12.609,12.576,0.274,TRUE,0.212,TRUE,3,8,Amp,0.981,91.338,NA,NA,NA,N,N,dil_qPCR_2,33,12.609,7.122030474,13244344.68,132443446.8,8.122030474
B4,t33,pflM2,12.833,12.576,0.274,TRUE,0.212,TRUE,3,7,Amp,0.979,91.62,NA,NA,NA,N,N,dil_qPCR_2,33,12.833,7.060861286,11504328.81,115043288.1,8.060861286
B3,t6,pflM2,14.616,14.365,0.221,TRUE,0.212,TRUE,3,10,Amp,0.967,91.336,NA,NA,NA,N,N,dil_qPCR_2,6,14.616,6.573965468,3749431.884,37494318.84,7.573965468
B3,t6,pflM2,14.2,14.365,0.221,TRUE,0.212,TRUE,3,9,Amp,0.96,91.195,NA,NA,NA,N,N,dil_qPCR_2,6,14.2,6.68756539,4870408.512,48704085.12,7.68756539
B3,t6,pflM2,14.278,14.365,0.221,TRUE,0.212,TRUE,3,10,Amp,0.973,91.333,NA,NA,NA,N,N,dil_qPCR_2,6,14.278,6.666265405,4637302.263,46373022.63,7.666265405
B3,t48,pflM2,9.881,9.582,0.32,TRUE,0.212,TRUE,3,6,Amp,0.969,91.615,NA,NA,NA,N,N,dil_qPCR_2,48,9.881,7.866983806,73617964.69,736179646.9,8.866983806
B3,t48,pflM2,9.244,9.582,0.32,TRUE,0.212,TRUE,3,5,Amp,0.987,91.367,NA,NA,NA,N,N,dil_qPCR_2,48,9.244,8.040933686,109883804.2,1098838042,9.040933686
B4,t3,pflM2,20.495,20.312,0.311,TRUE,0.212,TRUE,3,15,Amp,0.956,91.305,NA,NA,NA,N,N,dil_qPCR_2,3,20.495,4.968547346,93013.79106,930137.9106,5.968547346
B4,t3,pflM2,20.489,20.312,0.311,TRUE,0.212,TRUE,3,14,Amp,0.961,91.305,NA,NA,NA,N,N,dil_qPCR_2,3,20.489,4.970185806,93365.36646,933653.6646,5.970185806
B4,t3,pflM2,19.953,20.312,0.311,TRUE,0.212,TRUE,3,14,Amp,0.968,91.357,NA,NA,NA,N,N,dil_qPCR_2,3,19.953,5.116554936,130784.0963,1307840.963,6.116554936
B4,t36,pflM2,11.545,11.407,0.12,TRUE,0.212,TRUE,3,7,Amp,0.962,91.64,NA,NA,NA,N,N,dil_qPCR_2,36,11.545,7.41258412,25857356.32,258573563.2,8.41258412
B4,t36,pflM2,11.331,11.407,0.12,TRUE,0.212,TRUE,3,6,Amp,0.986,91.196,NA,NA,NA,N,N,dil_qPCR_2,36,11.331,7.471022541,29581660.01,295816600.1,8.471022541
B4,t36,pflM2,11.346,11.407,0.12,TRUE,0.212,TRUE,3,6,Amp,0.976,91.479,NA,NA,NA,N,N,dil_qPCR_2,36,11.346,7.46692639,29303965.22,293039652.2,8.46692639
B3,t9,pflM2,12.616,12.762,0.139,TRUE,0.212,TRUE,3,7,Amp,0.959,91.477,NA,NA,NA,N,N,dil_qPCR_2,9,12.616,7.120118937,13186178.1,131861781,8.120118937
B3,t9,pflM2,12.892,12.762,0.139,TRUE,0.212,TRUE,3,8,Amp,0.974,91.195,NA,NA,NA,N,N,dil_qPCR_2,9,12.892,7.044749759,11085358.91,110853589.1,8.044749759
B3,t9,pflM2,12.777,12.762,0.139,TRUE,0.212,TRUE,3,8,Amp,0.964,91.333,NA,NA,NA,N,N,dil_qPCR_2,9,12.777,7.076153583,11916633.51,119166335.1,8.076153583
B3,t51,pflM2,17.224,17.105,0.11,TRUE,0.212,TRUE,3,11,Amp,0.959,91.333,NA,NA,NA,N,N,dil_qPCR_2,51,17.224,5.861781344,727413.4793,7274134.793,6.861781344
B3,t51,pflM2,17.008,17.105,0.11,TRUE,0.212,TRUE,3,12,Amp,0.96,91.225,NA,NA,NA,N,N,dil_qPCR_2,51,17.008,5.920765919,833231.959,8332319.59,6.920765919
B3,t51,pflM2,17.084,17.105,0.11,TRUE,0.212,TRUE,3,11,Amp,0.958,91.225,NA,NA,NA,N,N,dil_qPCR_2,51,17.084,5.900012087,794350.3428,7943503.428,6.900012087
B4,t6,pflM2,15.954,15.782,0.193,TRUE,0.212,TRUE,3,11,Amp,0.967,91.305,NA,NA,NA,N,N,dil_qPCR_2,6,15.954,6.208588797,1616548.718,16165487.18,7.208588797
B4,t6,pflM2,15.819,15.782,0.193,TRUE,0.212,TRUE,3,10,Amp,0.961,91.164,NA,NA,NA,N,N,dil_qPCR_2,6,15.819,6.245454157,1759762.896,17597628.96,7.245454157
B4,t6,pflM2,15.574,15.782,0.193,TRUE,0.212,TRUE,3,11,Amp,0.965,91.216,NA,NA,NA,N,N,dil_qPCR_2,6,15.574,6.312357957,2052853.496,20528534.96,7.312357957
B4,t48,pflM2,10.864,11.098,0.289,TRUE,0.212,TRUE,3,6,Amp,0.974,91.357,NA,NA,NA,N,N,dil_qPCR_2,48,10.864,7.598549376,39677963.75,396779637.5,8.598549376
B4,t48,pflM2,11.009,11.098,0.289,TRUE,0.212,TRUE,3,6,Amp,0.975,91.196,NA,NA,NA,N,N,dil_qPCR_2,48,11.009,7.55895325,36220400.64,362204006.4,8.55895325
B4,t48,pflM2,11.421,11.098,0.289,TRUE,0.212,TRUE,3,7,Amp,0.968,91.338,NA,NA,NA,N,N,dil_qPCR_2,48,11.421,7.446445635,27954107.77,279541077.7,8.446445635
B3,t12,pflM2,11.765,11.749,0.151,TRUE,0.212,TRUE,3,8,Amp,0.982,91.195,NA,NA,NA,N,N,dil_qPCR_2,12,11.765,7.352507238,22516829.46,225168294.6,8.352507238
B3,t12,pflM2,11.892,11.749,0.151,TRUE,0.212,TRUE,3,7,Amp,0.986,91.054,NA,NA,NA,N,N,dil_qPCR_2,12,11.892,7.317826493,20788659.85,207886598.5,8.317826493
B3,t12,pflM2,11.59,11.749,0.151,TRUE,0.212,TRUE,3,7,Amp,0.989,91.192,NA,NA,NA,N,N,dil_qPCR_2,12,11.59,7.400295667,25135971.02,251359710.2,8.400295667
B3,t54,pflM2,14.068,14.296,0.264,TRUE,0.212,TRUE,3,9,Amp,0.965,91.474,NA,NA,NA,N,N,dil_qPCR_2,54,14.068,6.723611519,5291898.659,52918986.59,7.723611519
B3,t54,pflM2,14.234,14.296,0.264,TRUE,0.212,TRUE,3,9,Amp,0.956,91.367,NA,NA,NA,N,N,dil_qPCR_2,54,14.234,6.678280781,4767391.094,47673910.94,7.678280781
B3,t54,pflM2,14.585,14.296,0.264,TRUE,0.212,TRUE,3,10,Amp,0.957,91.367,NA,NA,NA,N,N,dil_qPCR_2,54,14.585,6.582430847,3823233.712,38232337.12,7.582430847
B4,t9,pflM2,12.467,12.532,0.222,TRUE,0.212,TRUE,3,8,Amp,0.984,91.305,NA,NA,NA,N,N,dil_qPCR_2,9,12.467,7.160807371,14481294,144812940,8.160807371
B4,t9,pflM2,12.779,12.532,0.222,TRUE,0.212,TRUE,3,8,Amp,0.966,91.305,NA,NA,NA,N,N,dil_qPCR_2,9,12.779,7.07560743,11901656.99,119016569.9,8.07560743
B4,t9,pflM2,12.351,12.532,0.222,TRUE,0.212,TRUE,3,8,Amp,0.984,91.216,NA,NA,NA,N,N,dil_qPCR_2,9,12.351,7.192484272,15577016.22,155770162.2,8.192484272
B4,t51,pflM2,20.986,20.937,0.138,TRUE,0.212,TRUE,3,15,Amp,0.97,91.357,NA,NA,NA,N,N,dil_qPCR_2,51,20.986,4.834466669,68307.2292,683072.292,5.834466669
B4,t51,pflM2,21.043,20.937,0.138,TRUE,0.212,TRUE,3,16,Amp,0.966,91.196,NA,NA,NA,N,N,dil_qPCR_2,51,21.043,4.818901295,65902.40977,659024.0977,5.818901295
B4,t51,pflM2,20.781,20.937,0.138,TRUE,0.212,TRUE,3,15,Amp,0.961,91.196,NA,NA,NA,N,N,dil_qPCR_2,51,20.781,4.8904474,77704.71996,777047.1996,5.8904474
B3,t24,pflM2,8.927,8.773,0.214,TRUE,0.212,TRUE,3,5,Amp,0.981,91.195,NA,NA,NA,N,N,dil_qPCR_2,24,8.927,8.127499011,134121688.2,1341216882,9.127499011
B3,t24,pflM2,8.863,8.773,0.214,TRUE,0.212,TRUE,3,5,Amp,0.993,91.054,NA,NA,NA,N,N,dil_qPCR_2,24,8.863,8.144975922,139629094.7,1396290947,9.144975922
B3,t24,pflM2,8.529,8.773,0.214,TRUE,0.212,TRUE,3,5,Amp,0.994,91.192,NA,NA,NA,N,N,dil_qPCR_2,24,8.529,8.236183552,172259646.4,1722596464,9.236183552
B3,t57,pflM2,13.203,13.532,0.286,TRUE,0.212,TRUE,3,8,Amp,0.973,91.333,NA,NA,NA,N,N,dil_qPCR_2,57,13.203,6.959822894,9116389.96,91163899.6,7.959822894
B3,t57,pflM2,13.706,13.532,0.286,TRUE,0.212,TRUE,3,9,Amp,0.982,91.225,NA,NA,NA,N,N,dil_qPCR_2,57,13.706,6.822465297,6644545.76,66445457.6,7.822465297
B3,t57,pflM2,13.689,13.532,0.286,TRUE,0.212,TRUE,3,8,Amp,0.966,91.225,NA,NA,NA,N,N,dil_qPCR_2,57,13.689,6.827107601,6715952.273,67159522.73,7.827107601
B4,t12,pflM2,11.41,11.32,0.102,TRUE,0.212,TRUE,3,6,Amp,0.993,91.305,NA,NA,NA,N,N,dil_qPCR_2,12,11.41,7.449449479,28148125.54,281481255.4,8.449449479
B4,t12,pflM2,11.21,11.32,0.102,TRUE,0.212,TRUE,3,6,Amp,0.984,91.164,NA,NA,NA,N,N,dil_qPCR_2,12,11.21,7.504064826,31920142.84,319201428.4,8.504064826
B4,t12,pflM2,11.338,11.32,0.102,TRUE,0.212,TRUE,3,6,Amp,0.984,91.075,NA,NA,NA,N,N,dil_qPCR_2,12,11.338,7.469111004,29451743.14,294517431.4,8.469111004
B4,t54,pflM2,17.013,17.445,0.435,TRUE,0.212,TRUE,3,12,Amp,0.974,91.357,NA,NA,NA,N,N,dil_qPCR_2,54,17.013,5.919400535,830616.4645,8306164.645,6.919400535
B4,t54,pflM2,17.882,17.445,0.435,TRUE,0.212,TRUE,3,12,Amp,0.951,91.055,NA,NA,NA,N,N,dil_qPCR_2,54,17.882,5.682096853,480946.5936,4809465.936,6.682096853
B4,t54,pflM2,17.439,17.445,0.435,TRUE,0.212,TRUE,3,13,Amp,0.968,91.196,NA,NA,NA,N,N,dil_qPCR_2,54,17.439,5.803069847,635433.1188,6354331.188,6.803069847
B3,t27,pflM2,16.988,17.172,0.179,TRUE,0.212,TRUE,3,12,Amp,0.963,91.195,NA,NA,NA,N,N,dil_qPCR_2,27,16.988,5.926227454,843776.5547,8437765.547,6.926227454
B3,t27,pflM2,17.183,17.172,0.179,TRUE,0.212,TRUE,3,12,Amp,0.969,91.054,NA,NA,NA,N,N,dil_qPCR_2,27,17.183,5.872977491,746410.0711,7464100.711,6.872977491
B3,t27,pflM2,17.346,17.172,0.179,TRUE,0.212,TRUE,3,12,Amp,0.967,91.192,NA,NA,NA,N,N,dil_qPCR_2,27,17.346,5.828465983,673699.1243,6736991.243,6.828465983
B3,t60,pflM2,13.201,13.042,0.218,TRUE,0.212,TRUE,3,8,Amp,0.975,91.192,NA,NA,NA,N,N,dil_qPCR_2,60,13.201,6.960369048,9127861.623,91278616.23,7.960369048
B3,t60,pflM2,12.793,13.042,0.218,TRUE,0.212,TRUE,3,8,Amp,0.984,91.225,NA,NA,NA,N,N,dil_qPCR_2,60,12.793,7.071784355,11797347.04,117973470.4,8.071784355
B3,t60,pflM2,13.13,13.042,0.218,TRUE,0.212,TRUE,3,8,Amp,0.972,91.225,NA,NA,NA,N,N,dil_qPCR_2,60,13.13,6.979757496,9544594.798,95445947.98,7.979757496
B4,t24,pflM2,8.301,8.324,0.064,TRUE,0.212,TRUE,3,5,Amp,0.994,91.305,NA,NA,NA,N,N,dil_qPCR_2,24,8.301,8.298445047,198813122.8,1988131228,9.298445047
B4,t24,pflM2,8.276,8.324,0.064,TRUE,0.212,TRUE,3,5,Amp,0.988,91.164,NA,NA,NA,N,N,dil_qPCR_2,24,8.276,8.305271965,201963070.8,2019630708,9.305271965
B4,t24,pflM2,8.396,8.324,0.064,TRUE,0.212,TRUE,3,5,Amp,0.98,91.216,NA,NA,NA,N,N,dil_qPCR_2,24,8.396,8.272502757,187284897.3,1872848973,9.272502757
B3,t30,pflM2,14.634,14.672,0.111,TRUE,0.212,TRUE,3,10,Amp,0.967,91.054,NA,NA,NA,N,N,dil_qPCR_2,30,14.634,6.569050087,3707234.747,37072347.47,7.569050087
B3,t30,pflM2,14.797,14.672,0.111,TRUE,0.212,TRUE,3,10,Amp,0.961,91.054,NA,NA,NA,N,N,dil_qPCR_2,30,14.797,6.524538579,3346097.406,33460974.06,7.524538579
B3,t30,pflM2,14.586,14.672,0.111,TRUE,0.212,TRUE,3,10,Amp,0.971,91.333,NA,NA,NA,N,N,dil_qPCR_2,30,14.586,6.58215777,3820830.486,38208304.86,7.58215777
B3,t72,pflM2,12.562,12.47,0.28,TRUE,0.212,TRUE,3,8,Amp,0.967,91.333,NA,NA,NA,N,N,dil_qPCR_2,72,12.562,7.134865081,13641592.78,136415927.8,8.134865081
B3,t72,pflM2,12.156,12.47,0.28,TRUE,0.212,TRUE,3,8,Amp,0.963,91.367,NA,NA,NA,N,N,dil_qPCR_2,72,12.156,7.245734235,17608981.42,176089814.2,8.245734235
B4,t27,pflM2,17.623,17.647,0.082,TRUE,0.212,TRUE,3,12,Amp,0.964,91.305,NA,NA,NA,N,N,dil_qPCR_2,27,17.623,5.752823727,566009.509,5660095.09,6.752823727
B5,t0,pflM2,25.399,25.793,0.349,TRUE,0.235,TRUE,3,20,Amp,0.961,91.607,NA,NA,NA,N,N,dil_qPCR_3,0,25.399,3.629379039,4259.70025,42597.0025,4.629379039
B5,t33,pflM2,12.539,11.965,0.5,TRUE,0.235,TRUE,3,7,Amp,0.97,91.375,NA,NA,NA,N,N,dil_qPCR_3,33,12.539,7.141145846,13840310.9,138403109,8.141145846
B5,t33,pflM2,11.628,11.965,0.5,TRUE,0.235,TRUE,3,6,Amp,0.946,91.375,NA,NA,NA,N,N,dil_qPCR_3,33,11.628,7.389918751,24542497.26,245424972.6,8.389918751
B5,t76,pflM2,24.177,23.382,0.69,TRUE,0.235,TRUE,3,18,Amp,0.946,91.288,NA,NA,NA,Y,N,dil_qPCR_3,76,24.177,3.963078809,9184.992565,91849.92565,4.963078809
B5,t76,pflM2,22.936,23.382,0.69,TRUE,0.235,TRUE,3,18,Amp,0.952,91.429,NA,NA,NA,Y,N,dil_qPCR_3,76,22.936,4.301967037,20043.19892,200431.9892,5.301967037
B5,t76,pflM2,23.032,23.382,0.69,TRUE,0.235,TRUE,3,18,Amp,0.94,91.645,NA,NA,NA,Y,N,dil_qPCR_3,76,23.032,4.27575167,18869.12103,188691.2103,5.27575167
B4,t76,pflM2,24.629,25.225,0.519,TRUE,0.235,TRUE,3,19,Amp,0.958,91.487,NA,NA,NA,Y,N,dil_qPCR_3,76,24.629,3.839648125,6912.706613,69127.06613,4.839648125
B4,t76,pflM2,25.58,25.225,0.519,TRUE,0.235,TRUE,3,20,Amp,0.97,91.911,NA,NA,NA,Y,N,dil_qPCR_3,76,25.58,3.57995215,3801.475103,38014.75103,4.57995215
B5,t3,pflM2,20.143,20.348,0.19,TRUE,0.235,TRUE,3,15,Amp,0.952,91.899,NA,NA,NA,N,N,dil_qPCR_3,3,20.143,5.064670356,116056.7371,1160567.371,6.064670356
B5,t3,pflM2,20.517,20.348,0.19,TRUE,0.235,TRUE,3,15,Amp,0.957,91.475,NA,NA,NA,N,N,dil_qPCR_3,3,20.517,4.962539658,91735.97002,917359.7002,5.962539658
B5,t3,pflM2,20.383,20.348,0.19,TRUE,0.235,TRUE,3,14,Amp,0.958,91.465,NA,NA,NA,N,N,dil_qPCR_3,3,20.383,4.99913194,99800.32142,998003.2142,5.99913194
B5,t36,pflM2,12.772,12.025,0.721,TRUE,0.235,TRUE,3,8,Amp,0.931,91.465,NA,NA,NA,Y,N,dil_qPCR_3,36,12.772,7.077518967,11954157.31,119541573.1,8.077518967
B5,t36,pflM2,11.97,12.025,0.721,TRUE,0.235,TRUE,3,7,Amp,0.986,91.375,NA,NA,NA,Y,N,dil_qPCR_3,36,11.97,7.296526508,19793678.32,197936783.2,8.296526508
B5,t36,pflM2,11.332,12.025,0.721,TRUE,0.235,TRUE,3,7,Amp,0.978,91.375,NA,NA,NA,Y,N,dil_qPCR_3,36,11.332,7.470749465,29563065.43,295630654.3,8.470749465
B2,t57,pflM2,17.632,17.462,0.538,TRUE,0.235,TRUE,3,13,Amp,0.949,91.429,NA,NA,NA,Y,N,dil_qPCR_3,57,17.632,5.750366037,562815.4836,5628154.836,6.750366037
B2,t57,pflM2,17.894,17.462,0.538,TRUE,0.235,TRUE,3,13,Amp,0.955,91.429,NA,NA,NA,Y,N,dil_qPCR_3,57,17.894,5.678819932,477331.321,4773313.21,6.678819932
B2,t57,pflM2,16.859,17.462,0.538,TRUE,0.235,TRUE,3,12,Amp,0.959,91.504,NA,NA,NA,Y,N,dil_qPCR_3,57,16.859,5.961454353,915070.0739,9150700.739,6.961454353
B2,t33,pflM2,15.687,15.873,0.161,TRUE,0.235,TRUE,3,10,Amp,0.953,91.221,NA,NA,NA,N,N,dil_qPCR_3,33,15.687,6.281500286,1912054.582,19120545.82,7.281500286
B2,t33,pflM2,15.975,15.873,0.161,TRUE,0.235,TRUE,3,10,Amp,0.962,91.064,NA,NA,NA,N,N,dil_qPCR_3,33,15.975,6.202854186,1595343.422,15953434.22,7.202854186
B2,t33,pflM2,15.958,15.873,0.161,TRUE,0.235,TRUE,3,10,Amp,0.98,91.346,NA,NA,NA,N,N,dil_qPCR_3,33,15.958,6.20749649,1612487.997,16124879.97,7.20749649
B5,t6,pflM2,13.973,14.112,0.251,TRUE,0.235,TRUE,3,9,Amp,0.943,92.04,NA,NA,NA,N,N,dil_qPCR_3,6,13.973,6.749553809,5617638.759,56176387.59,7.749553809
B5,t6,pflM2,13.96,14.112,0.251,TRUE,0.235,TRUE,3,9,Amp,0.957,91.334,NA,NA,NA,N,N,dil_qPCR_3,6,13.96,6.753103806,5663746.491,56637464.91,7.753103806
B5,t6,pflM2,14.402,14.112,0.251,TRUE,0.235,TRUE,3,9,Amp,0.952,91.324,NA,NA,NA,N,N,dil_qPCR_3,6,14.402,6.632403889,4289472.515,42894725.15,7.632403889
B5,t48,pflM2,7.161,7.35,0.183,TRUE,0.235,TRUE,3,3,Amp,0.987,91.465,NA,NA,NA,N,N,dil_qPCR_3,48,7.161,8.609752524,407148204.9,4071482049,9.609752524
B5,t48,pflM2,7.527,7.35,0.183,TRUE,0.235,TRUE,3,4,Amp,0.984,91.233,NA,NA,NA,N,N,dil_qPCR_3,48,7.527,8.50980644,323449466.8,3234494668,9.50980644
B5,t48,pflM2,7.362,7.35,0.183,TRUE,0.235,TRUE,3,4,Amp,0.988,91.375,NA,NA,NA,N,N,dil_qPCR_3,48,7.362,8.554864101,358809638.5,3588096385,9.554864101
B2,t60,pflM2,17.465,17.421,0.053,TRUE,0.235,TRUE,3,12,Amp,0.952,91.711,NA,NA,NA,N,N,dil_qPCR_3,60,17.465,5.795969851,625129.2951,6251292.951,6.795969851
B2,t60,pflM2,17.436,17.421,0.053,TRUE,0.235,TRUE,3,12,Amp,0.949,91.288,NA,NA,NA,N,N,dil_qPCR_3,60,17.436,5.803889077,636632.8976,6366328.976,6.803889077
B2,t60,pflM2,17.362,17.421,0.053,TRUE,0.235,TRUE,3,12,Amp,0.955,91.362,NA,NA,NA,N,N,dil_qPCR_3,60,17.362,5.824096755,666955.3416,6669553.416,6.824096755
B1,t0,pflM2,27.274,26.727,0.477,TRUE,0.235,TRUE,3,21,Amp,0.969,91.221,NA,NA,NA,N,N,dil_qPCR_3,0,27.274,3.117360162,1310.268083,13102.68083,4.117360162
B1,t0,pflM2,26.4,26.727,0.477,TRUE,0.235,TRUE,3,20,Amp,0.963,90.923,NA,NA,NA,N,N,dil_qPCR_3,0,26.4,3.356029228,2270.01762,22700.1762,4.356029228
B1,t0,pflM2,26.505,26.727,0.477,TRUE,0.235,TRUE,3,21,Amp,0.96,91.064,NA,NA,NA,N,N,dil_qPCR_3,0,26.505,3.327356171,2124.986479,21249.86479,4.327356171
B5,t9,pflM2,12.976,12.885,0.308,TRUE,0.235,TRUE,3,7,Amp,0.94,91.616,NA,NA,NA,N,N,dil_qPCR_3,9,12.976,7.021811313,10515049.29,105150492.9,8.021811313
B5,t9,pflM2,12.542,12.885,0.308,TRUE,0.235,TRUE,3,8,Amp,0.955,91.334,NA,NA,NA,N,N,dil_qPCR_3,9,12.542,7.140326616,13814227.87,138142278.7,8.140326616
B5,t9,pflM2,13.137,12.885,0.308,TRUE,0.235,TRUE,3,8,Amp,0.956,91.183,NA,NA,NA,N,N,dil_qPCR_3,9,13.137,6.977845959,9502676.803,95026768.03,7.977845959
B5,t51,pflM2,18.348,17.151,1.069,TRUE,0.235,TRUE,3,13,Amp,0.958,91.324,NA,NA,NA,Y,N,dil_qPCR_3,51,18.348,5.554843095,358792.2841,3587922.841,6.554843095
B5,t51,pflM2,16.813,17.151,1.069,TRUE,0.235,TRUE,3,11,Amp,0.957,91.233,NA,NA,NA,Y,N,dil_qPCR_3,51,16.813,5.974015882,941924.0426,9419240.426,6.974015882
B5,t51,pflM2,16.292,17.151,1.069,TRUE,0.235,TRUE,3,11,Amp,0.951,91.233,NA,NA,NA,Y,N,dil_qPCR_3,51,16.292,6.116288861,1307039.947,13070399.47,7.116288861
B2,t72,pflM2,16.256,17.984,1.516,TRUE,0.235,TRUE,3,11,Amp,0.961,91.288,NA,NA,NA,Y,N,dil_qPCR_3,72,16.256,6.126119624,1336963.724,13369637.24,7.126119624
B2,t72,pflM2,18.605,17.984,1.516,TRUE,0.235,TRUE,3,13,Amp,0.968,91.288,NA,NA,NA,Y,N,dil_qPCR_3,72,18.605,5.484662374,305254.7102,3052547.102,6.484662374
B2,t72,pflM2,19.091,17.984,1.516,TRUE,0.235,TRUE,3,13,Amp,0.963,91.221,NA,NA,NA,Y,N,dil_qPCR_3,72,19.091,5.351947081,224878.0574,2248780.574,6.351947081
B2,t0,pflM2,26.37,26.073,0.3,TRUE,0.235,TRUE,3,20,Amp,0.972,91.064,NA,NA,NA,N,N,dil_qPCR_3,0,26.37,3.36422153,2313.244457,23132.44457,4.36422153
B2,t0,pflM2,25.769,26.073,0.3,TRUE,0.235,TRUE,3,21,Amp,0.969,91.205,NA,NA,NA,N,N,dil_qPCR_3,0,25.769,3.528340648,3375.519706,33755.19706,4.528340648
B5,t12,pflM2,11.641,11.185,0.435,TRUE,0.235,TRUE,3,7,Amp,0.976,91.193,NA,NA,NA,N,N,dil_qPCR_3,12,11.641,7.386368754,24342700.37,243427003.7,8.386368754
B5,t12,pflM2,11.139,11.185,0.435,TRUE,0.235,TRUE,3,7,Amp,0.982,91.052,NA,NA,NA,N,N,dil_qPCR_3,12,11.139,7.523453274,33377459.25,333774592.5,8.523453274
B5,t12,pflM2,10.776,11.185,0.435,TRUE,0.235,TRUE,3,6,Amp,0.973,91.183,NA,NA,NA,N,N,dil_qPCR_3,12,10.776,7.622580129,41935336.18,419353361.8,8.622580129
B2,t76,pflM2,15.138,22.753,6.606,TRUE,0.235,TRUE,3,10,Amp,0.954,91.324,NA,NA,NA,Y,N,dil_qPCR_3,76,15.138,6.431419413,2700345.989,27003459.89,7.431419413
B5,t54,pflM2,15.253,18.759,6.397,TRUE,0.235,TRUE,3,10,Amp,0.948,91.233,NA,NA,NA,Y,N,dil_qPCR_3,54,15.253,6.400015588,2511976.593,25119765.93,7.400015588
B5,t54,pflM2,14.881,18.759,6.397,TRUE,0.235,TRUE,3,10,Amp,0.949,91.233,NA,NA,NA,Y,N,dil_qPCR_3,54,14.881,6.501600134,3173950.385,31739503.85,7.501600134
B2,t76,pflM2,26.946,22.753,6.606,TRUE,0.235,TRUE,3,21,Amp,0.954,91.147,NA,NA,NA,Y,N,dil_qPCR_3,76,26.946,3.206929331,1610.38357,16103.8357,4.206929331
B2,t76,pflM2,26.174,22.753,6.606,TRUE,0.235,TRUE,3,20,Amp,0.983,91.08,NA,NA,NA,Y,N,dil_qPCR_3,76,26.174,3.41774457,2616.643579,26166.43579,4.41774457
B2,t9,pflM2,11.133,11.664,0.901,TRUE,0.235,TRUE,3,6,Amp,0.967,91.362,NA,NA,NA,Y,N,dil_qPCR_3,9,11.133,7.525091735,33503620.04,335036200.4,8.525091735
B2,t9,pflM2,11.155,11.664,0.901,TRUE,0.235,TRUE,3,6,Amp,0.985,91.205,NA,NA,NA,Y,N,dil_qPCR_3,9,11.155,7.519084047,33043348.18,330433481.8,8.519084047
B2,t9,pflM2,12.705,11.664,0.901,TRUE,0.235,TRUE,3,8,Amp,0.957,91.205,NA,NA,NA,Y,N,dil_qPCR_3,9,12.705,7.095815108,12468525.79,124685257.9,8.095815108
B5,t24,pflM2,8.999,9.089,0.088,TRUE,0.235,TRUE,3,5,Amp,0.976,91.334,NA,NA,NA,N,N,dil_qPCR_3,24,8.999,8.107837486,128185082.2,1281850822,9.107837486
B5,t24,pflM2,9.093,9.089,0.088,TRUE,0.235,TRUE,3,5,Amp,0.98,91.052,NA,NA,NA,N,N,dil_qPCR_3,24,9.093,8.082168273,120828190.9,1208281909,9.082168273
B5,t24,pflM2,9.174,9.089,0.088,TRUE,0.235,TRUE,3,5,Amp,0.99,91.183,NA,NA,NA,N,N,dil_qPCR_3,24,9.174,8.060049058,114828332.4,1148283324,9.060049058
B5,t57,pflM2,13.61,13.378,0.261,TRUE,0.235,TRUE,3,8,Amp,0.971,91.183,NA,NA,NA,N,N,dil_qPCR_3,57,13.61,6.848680663,7057983.897,70579838.97,7.848680663
B5,t57,pflM2,13.428,13.378,0.261,TRUE,0.235,TRUE,3,9,Amp,0.968,91.233,NA,NA,NA,N,N,dil_qPCR_3,57,13.428,6.898380629,7913719.065,79137190.65,7.898380629
B5,t57,pflM2,13.096,13.378,0.261,TRUE,0.235,TRUE,3,8,Amp,0.96,91.233,NA,NA,NA,N,N,dil_qPCR_3,57,13.096,6.989042105,9750841.673,97508416.73,7.989042105
B4,t57,pflM2,15.057,15.544,0.525,TRUE,0.235,TRUE,3,10,Amp,0.96,91.288,NA,NA,NA,Y,N,dil_qPCR_3,57,15.057,6.453538628,2841440.905,28414409.05,7.453538628
B4,t57,pflM2,16.101,15.544,0.525,TRUE,0.235,TRUE,3,11,Amp,0.956,91.288,NA,NA,NA,Y,N,dil_qPCR_3,57,16.101,6.168446517,1473827.031,14738270.31,7.168446517
B4,t57,pflM2,15.474,15.544,0.525,TRUE,0.235,TRUE,3,10,Amp,0.965,91.221,NA,NA,NA,Y,N,dil_qPCR_3,57,15.474,6.33966563,2186077.881,21860778.81,7.33966563
B2,t12,pflM2,12.717,11.949,0.812,TRUE,0.235,TRUE,3,8,Amp,0.959,91.08,NA,NA,NA,Y,N,dil_qPCR_3,12,12.717,7.092538187,12374799.96,123747999.6,8.092538187
B2,t12,pflM2,11.099,11.949,0.812,TRUE,0.235,TRUE,3,6,Amp,0.986,90.923,NA,NA,NA,Y,N,dil_qPCR_3,12,11.099,7.534376344,34227591.78,342275917.8,8.534376344
B2,t12,pflM2,12.031,11.949,0.812,TRUE,0.235,TRUE,3,6,Amp,0.957,91.205,NA,NA,NA,Y,N,dil_qPCR_3,12,12.031,7.279868827,19048852.86,190488528.6,8.279868827
B5,t27,pflM2,18.461,18.109,0.32,TRUE,0.235,TRUE,3,13,Amp,0.96,91.334,NA,NA,NA,N,N,dil_qPCR_3,27,18.461,5.523985424,334183.8237,3341838.237,6.523985424
B5,t27,pflM2,18.032,18.109,0.32,TRUE,0.235,TRUE,3,12,Amp,0.951,91.052,NA,NA,NA,N,N,dil_qPCR_3,27,18.032,5.641135343,437658.4752,4376584.752,6.641135343
B5,t27,pflM2,17.836,18.109,0.32,TRUE,0.235,TRUE,3,13,Amp,0.961,91.324,NA,NA,NA,N,N,dil_qPCR_3,27,17.836,5.694658383,495060.6218,4950606.218,6.694658383
B5,t60,pflM2,13.047,13.08,0.158,TRUE,0.235,TRUE,3,8,Amp,0.956,91.324,NA,NA,NA,N,N,dil_qPCR_3,60,13.047,7.002422865,10055944.43,100559444.3,8.002422865
B5,t60,pflM2,12.941,13.08,0.158,TRUE,0.235,TRUE,3,8,Amp,0.959,91.233,NA,NA,NA,N,N,dil_qPCR_3,60,12.941,7.031368999,10749023.16,107490231.6,8.031368999
B5,t60,pflM2,13.252,13.08,0.158,TRUE,0.235,TRUE,3,8,Amp,0.95,91.375,NA,NA,NA,N,N,dil_qPCR_3,60,13.252,6.946442134,8839793.791,88397937.91,7.946442134
B4,t60,pflM2,15.88,15.699,0.157,TRUE,0.235,TRUE,3,11,Amp,0.958,91.288,NA,NA,NA,N,N,dil_qPCR_3,60,15.88,6.228796476,1693543.966,16935439.66,7.228796476
B4,t60,pflM2,15.613,15.699,0.157,TRUE,0.235,TRUE,3,10,Amp,0.958,91.147,NA,NA,NA,N,N,dil_qPCR_3,60,15.613,6.301707964,2003124.597,20031245.97,7.301707964
B4,t60,pflM2,15.604,15.699,0.157,TRUE,0.235,TRUE,3,11,Amp,0.955,91.08,NA,NA,NA,N,N,dil_qPCR_3,60,15.604,6.304165654,2014492.498,20144924.98,7.304165654
B5,t30,pflM2,14.249,14.415,0.25,TRUE,0.235,TRUE,3,9,Amp,0.963,91.193,NA,NA,NA,N,N,dil_qPCR_3,30,14.249,6.67418463,4722637.701,47226377.01,7.67418463
B5,t30,pflM2,14.294,14.415,0.25,TRUE,0.235,TRUE,3,9,Amp,0.957,91.052,NA,NA,NA,N,N,dil_qPCR_3,30,14.294,6.661896177,4590882.492,45908824.92,7.661896177
B5,t30,pflM2,14.702,14.415,0.25,TRUE,0.235,TRUE,3,10,Amp,0.95,91.324,NA,NA,NA,N,N,dil_qPCR_3,30,14.702,6.550480869,3552064.711,35520647.11,7.550480869
B5,t72,pflM2,13.981,13.843,0.173,TRUE,0.235,TRUE,3,9,Amp,0.952,91.324,NA,NA,NA,N,N,dil_qPCR_3,72,13.981,6.747369195,5589451.533,55894515.33,7.747369195
B4,t72,pflM2,15.19,15.403,0.211,TRUE,0.235,TRUE,3,10,Amp,0.966,91.288,NA,NA,NA,N,N,dil_qPCR_3,72,15.19,6.417219423,2613481.454,26134814.54,7.417219423
B4,t72,pflM2,15.612,15.403,0.211,TRUE,0.235,TRUE,3,11,Amp,0.958,91.221,NA,NA,NA,N,N,dil_qPCR_3,72,15.612,6.301981041,2004384.523,20043845.23,7.301981041
B2,t72,pflM2,19.64,19.7,0.106,TRUE,0.259,TRUE,3,15,Amp,0.956,91.622,NA,NA,NA,N,N,dil_qPCR_4,72,19.64,5.202027954,159231.1214,1592311.214,6.202027954
B2,t72,pflM2,19.822,19.7,0.106,TRUE,0.259,TRUE,3,15,Amp,0.961,91.481,NA,NA,NA,N,N,dil_qPCR_4,72,19.822,5.152327988,142012.9628,1420129.628,6.152327988
B2,t72,pflM2,19.637,19.7,0.106,TRUE,0.259,TRUE,3,14,Amp,0.965,91.486,NA,NA,NA,N,N,dil_qPCR_4,72,19.637,5.202847184,159531.7701,1595317.701,6.202847184
B5,t0,pflM2,25.671,25.617,0.186,TRUE,0.259,TRUE,3,20,Amp,0.964,91.527,NA,NA,NA,N,N,dil_qPCR_4,0,25.671,3.555102168,3590.063808,35900.63808,4.555102168
B5,t0,pflM2,25.41,25.617,0.186,TRUE,0.259,TRUE,3,19,Amp,0.965,91.386,NA,NA,NA,N,N,dil_qPCR_4,0,25.41,3.626375195,4230.339236,42303.39236,4.626375195
B2,t76,pflM2,27.527,27.815,0.253,TRUE,0.259,TRUE,3,22,Amp,0.958,91.199,NA,NA,NA,N,N,dil_qPCR_4,76,27.527,3.048271748,1117.562314,11175.62314,4.048271748
B2,t76,pflM2,27.917,27.815,0.253,TRUE,0.259,TRUE,3,22,Amp,0.966,91.199,NA,NA,NA,N,N,dil_qPCR_4,76,27.917,2.941771822,874.5241798,8745.241798,3.941771822
B2,t76,pflM2,28.001,27.815,0.253,TRUE,0.259,TRUE,3,22,Amp,0.963,91.203,NA,NA,NA,N,N,dil_qPCR_4,76,28.001,2.918833376,829.5324433,8295.324433,3.918833376
B5,t33,pflM2,11.85,12.007,0.424,TRUE,0.259,TRUE,3,7,Amp,0.993,91.203,NA,NA,NA,N,N,dil_qPCR_4,33,11.85,7.329295716,21344978.22,213449782.2,8.329295716
B5,t33,pflM2,12.487,12.007,0.424,TRUE,0.259,TRUE,3,7,Amp,0.987,91.244,NA,NA,NA,N,N,dil_qPCR_4,33,12.487,7.155345836,14300322.64,143003226.4,8.155345836
B5,t33,pflM2,11.685,12.007,0.424,TRUE,0.259,TRUE,3,7,Amp,0.988,91.244,NA,NA,NA,N,N,dil_qPCR_4,33,11.685,7.374353377,23678455.85,236784558.5,8.374353377
B3,t0,pflM2,28.191,27.676,0.466,TRUE,0.259,TRUE,3,23,Amp,0.929,91.199,NA,NA,NA,N,N,dil_qPCR_4,0,28.191,2.866948797,736.1203036,7361.203036,3.866948797
B3,t0,pflM2,27.285,27.676,0.466,TRUE,0.259,TRUE,3,22,Amp,0.964,91.058,NA,NA,NA,N,N,dil_qPCR_4,0,27.285,3.114356318,1301.236743,13012.36743,4.114356318
B3,t0,pflM2,27.552,27.676,0.466,TRUE,0.259,TRUE,3,21,Amp,0.964,91.062,NA,NA,NA,N,N,dil_qPCR_4,0,27.552,3.04144483,1100.132082,11001.32082,4.04144483
B5,t54,pflM2,15.494,15.389,0.097,TRUE,0.259,TRUE,3,10,Amp,0.969,91.486,NA,NA,NA,N,N,dil_qPCR_4,54,15.494,6.334204095,2158758.672,21587586.72,7.334204095
B5,t54,pflM2,15.37,15.389,0.097,TRUE,0.259,TRUE,3,9,Amp,0.972,91.244,NA,NA,NA,N,N,dil_qPCR_4,54,15.37,6.36806561,2333810.612,23338106.12,7.36806561
B5,t54,pflM2,15.302,15.389,0.097,TRUE,0.259,TRUE,3,9,Amp,0.981,91.244,NA,NA,NA,N,N,dil_qPCR_4,54,15.302,6.386634828,2435761.874,24357618.74,7.386634828
B3,t48,pflM2,10.5,10.821,0.444,TRUE,0.259,TRUE,3,6,Amp,0.988,91.199,NA,NA,NA,N,N,dil_qPCR_4,48,10.5,7.697949308,49882625.94,498826259.4,8.697949308
B3,t48,pflM2,11.328,10.821,0.444,TRUE,0.259,TRUE,3,6,Amp,0.989,91.058,NA,NA,NA,N,N,dil_qPCR_4,48,11.328,7.471841771,29637513.95,296375139.5,8.471841771
B3,t48,pflM2,10.636,10.821,0.444,TRUE,0.259,TRUE,3,6,Amp,0.988,91.203,NA,NA,NA,N,N,dil_qPCR_4,48,10.636,7.660810872,45794241.68,457942416.8,8.660810872
B5,t72,pflM2,13.985,14.047,0.14,TRUE,0.259,TRUE,3,9,Amp,0.991,91.203,NA,NA,NA,N,N,dil_qPCR_4,72,13.985,6.746276888,5575411.002,55754110.02,7.746276888
B5,t72,pflM2,13.947,14.047,0.14,TRUE,0.259,TRUE,3,8,Amp,0.985,91.103,NA,NA,NA,N,N,dil_qPCR_4,72,13.947,6.756653804,5710232.66,57102326.6,7.756653804
B5,t72,pflM2,14.207,14.047,0.14,TRUE,0.259,TRUE,3,9,Amp,0.978,91.103,NA,NA,NA,N,N,dil_qPCR_4,72,14.207,6.685653853,4849018.63,48490186.3,7.685653853
B3,t72,pflM2,14.05,13.397,0.602,TRUE,0.259,TRUE,3,9,Amp,0.984,91.058,NA,NA,NA,Y,N,dil_qPCR_4,72,14.05,6.7285269,5352133.036,53521330.36,7.7285269
B3,t72,pflM2,12.865,13.397,0.602,TRUE,0.259,TRUE,3,8,Amp,0.982,91.058,NA,NA,NA,Y,N,dil_qPCR_4,72,12.865,7.05212283,11275163.04,112751630.4,8.05212283
B3,t72,pflM2,13.275,13.397,0.602,TRUE,0.259,TRUE,3,8,Amp,0.985,91.062,NA,NA,NA,Y,N,dil_qPCR_4,72,13.275,6.940161369,8712872.71,87128727.1,7.940161369
B4,t27,pflM2,18.693,18.849,0.629,TRUE,0.259,TRUE,3,13,Amp,0.958,91.058,NA,NA,NA,Y,N,dil_qPCR_4,27,18.693,5.460631621,288822.8981,2888228.981,6.460631621
B4,t27,pflM2,18.313,18.849,0.629,TRUE,0.259,TRUE,3,13,Amp,0.975,90.917,NA,NA,NA,Y,N,dil_qPCR_4,27,18.313,5.564400781,366775.8908,3667758.908,6.564400781
B4,t27,pflM2,19.541,18.849,0.629,TRUE,0.259,TRUE,3,14,Amp,0.961,91.062,NA,NA,NA,Y,N,dil_qPCR_4,27,19.541,5.229062551,169458.185,1694581.85,6.229062551
B4,t72,pflM2,16.135,16.465,0.286,TRUE,0.259,TRUE,3,10,Amp,0.968,91.058,NA,NA,NA,N,N,dil_qPCR_4,72,16.135,6.159161908,1442653.084,14426530.84,7.159161908
B4,t72,pflM2,16.637,16.465,0.286,TRUE,0.259,TRUE,3,11,Amp,0.971,90.917,NA,NA,NA,N,N,dil_qPCR_4,72,16.637,6.022077388,1052149.341,10521493.41,7.022077388
B4,t72,pflM2,16.624,16.465,0.286,TRUE,0.259,TRUE,3,11,Amp,0.961,91.203,NA,NA,NA,N,N,dil_qPCR_4,72,16.624,6.025627385,1060785.037,10607850.37,7.025627385
B4,t76,pflM2,26.097,25.505,0.515,TRUE,0.259,TRUE,3,21,Amp,0.96,91.058,NA,NA,NA,Y,N,dil_qPCR_4,76,26.097,3.438771479,2746.44862,27464.4862,4.438771479
B4,t76,pflM2,25.258,25.505,0.515,TRUE,0.259,TRUE,3,19,Amp,0.963,90.917,NA,NA,NA,Y,N,dil_qPCR_4,76,25.258,3.667882859,4654.605293,46546.05293,4.667882859
B4,t76,pflM2,25.16,25.505,0.515,TRUE,0.259,TRUE,3,19,Amp,0.971,91.203,NA,NA,NA,Y,N,dil_qPCR_4,76,25.16,3.694644379,4950.446587,49504.46587,4.694644379
B1,t72,zot-cap,26.734,28.022,1.199,TRUE,0.238,TRUE,3,20,Amp,0.971,82.878,NA,NA,NA,Y,N,zc7276,72,26.734,NA,NA,493.4799649,2.693269525
B1,t72,zot-cap,29.105,28.022,1.199,TRUE,0.238,TRUE,3,21,Amp,0.957,82.737,NA,NA,NA,Y,N,zc7276,72,29.105,NA,NA,101.9923982,2.008567804
B1,t72,zot-cap,28.226,28.022,1.199,TRUE,0.238,TRUE,3,21,Amp,0.96,82.601,NA,NA,NA,Y,N,zc7276,72,28.226,NA,NA,182.9814367,2.262407033
B3,t36,zot-cap,21.08,13.79,6.315,TRUE,0.238,TRUE,3,12,Amp,0.603,83.154,NA,NA,NA,Y,N,zc7276,36,21.08,NA,NA,21185.66,4.326041998
B3,t36,zot-cap,10.301,13.79,6.315,TRUE,0.238,TRUE,3,6,Amp,0.991,82.731,NA,NA,NA,Y,N,zc7276,36,10.301,NA,NA,27467640.57,7.438821356
B3,t36,zot-cap,9.989,13.79,6.315,TRUE,0.238,TRUE,3,6,Amp,0.984,82.764,NA,NA,NA,Y,N,zc7276,36,9.989,NA,NA,33800356.99,7.528921287
B1,t76,zot-cap,26.895,26.418,0.463,TRUE,0.238,TRUE,3,21,Amp,0.961,82.596,NA,NA,NA,N,N,zc7276,76,26.895,NA,NA,443.3795419,2.64677565
B1,t76,zot-cap,26.391,26.418,0.463,TRUE,0.238,TRUE,3,20,Amp,0.965,82.596,NA,NA,NA,N,N,zc7276,76,26.391,NA,NA,619.9000812,2.792321693
B1,t76,zot-cap,25.969,26.418,0.463,TRUE,0.238,TRUE,3,21,Amp,0.967,82.46,NA,NA,NA,N,N,zc7276,76,25.969,NA,NA,820.706033,2.914187626
B5,t76,zot-cap,24.775,23.755,1.762,TRUE,0.238,TRUE,3,19,Amp,0.945,82.46,NA,NA,NA,Y,N,zc7276,76,24.775,NA,NA,1815.486953,3.258993132
B5,t76,zot-cap,24.769,23.755,1.762,TRUE,0.238,TRUE,3,18,Amp,0.951,82.627,NA,NA,NA,Y,N,zc7276,76,24.769,NA,NA,1822.744613,3.260725823
B5,t76,zot-cap,21.72,23.755,1.762,TRUE,0.238,TRUE,3,16,Amp,0.963,82.203,NA,NA,NA,Y,N,zc7276,76,21.72,NA,NA,13842.72612,4.141221626
B3,t60,zot-cap,14.634,13.523,1.065,TRUE,0.238,TRUE,3,9,Amp,0.922,83.013,NA,NA,NA,Y,N,zc7276,60,14.634,NA,NA,1540031.775,6.187529682
B3,t60,zot-cap,13.423,13.523,1.065,TRUE,0.238,TRUE,3,9,Amp,0.933,82.872,NA,NA,NA,Y,N,zc7276,60,13.423,NA,NA,3445438.316,6.537244479
B3,t60,zot-cap,12.511,13.523,1.065,TRUE,0.238,TRUE,3,8,Amp,0.969,82.622,NA,NA,NA,Y,N,zc7276,60,12.511,NA,NA,6318493.006,6.800613509
B1,t12,zot-cap,9.277,9.501,0.237,TRUE,0.238,TRUE,3,5,Amp,0.992,82.46,NA,NA,NA,N,N,zc7276,12,9.277,NA,NA,54266767.26,7.734533951
B1,t12,zot-cap,9.476,9.501,0.237,TRUE,0.238,TRUE,3,5,Amp,0.989,82.486,NA,NA,NA,N,N,zc7276,12,9.476,NA,NA,47540786.96,7.677066367
B1,t12,zot-cap,9.75,9.501,0.237,TRUE,0.238,TRUE,3,5,Amp,0.984,82.203,NA,NA,NA,N,N,zc7276,12,9.75,NA,NA,39622342.23,7.597940145
B4,t60,zot-cap,13.375,13.905,0.459,TRUE,0.238,TRUE,3,8,Amp,0.975,82.589,NA,NA,NA,N,N,zc7276,60,13.375,NA,NA,3557181.353,6.551106007
B4,t60,zot-cap,14.181,13.905,0.459,TRUE,0.238,TRUE,3,8,Amp,0.954,82.589,NA,NA,NA,N,N,zc7276,60,14.181,NA,NA,2081363.102,6.318347851
B4,t60,zot-cap,14.159,13.905,0.459,TRUE,0.238,TRUE,3,9,Amp,0.938,82.764,NA,NA,NA,N,N,zc7276,60,14.159,NA,NA,2112034.711,6.324701051
B2,t76,zot-cap,25.061,24.881,0.349,TRUE,0.238,TRUE,3,19,Amp,0.971,82.313,NA,NA,NA,N,N,zc7276,76,25.061,NA,NA,1501.072016,3.176401529
B2,t76,zot-cap,25.104,24.881,0.349,TRUE,0.238,TRUE,3,19,Amp,0.962,82.172,NA,NA,NA,N,N,zc7276,76,25.104,NA,NA,1458.760214,3.16398391
B2,t76,zot-cap,24.479,24.881,0.349,TRUE,0.238,TRUE,3,19,Amp,0.961,82.318,NA,NA,NA,N,N,zc7276,76,24.479,NA,NA,2210.408563,3.344472554
B1,t51,zot-cap,21.443,21.157,0.486,TRUE,0.238,TRUE,3,16,Amp,0.955,82.601,NA,NA,NA,N,N,zc7276,51,21.443,NA,NA,16642.33246,4.221214194
B1,t51,zot-cap,20.595,21.157,0.486,TRUE,0.238,TRUE,3,13,Amp,0.958,82.627,NA,NA,NA,N,N,zc7276,51,20.595,NA,NA,29248.33756,4.466101186
B1,t51,zot-cap,21.432,21.157,0.486,TRUE,0.238,TRUE,3,16,Amp,0.959,82.344,NA,NA,NA,N,N,zc7276,51,21.432,NA,NA,16764.50728,4.224390794
B5,t9,zot-cap,8.725,10.161,1.302,TRUE,0.238,TRUE,3,5,Amp,0.984,82.448,NA,NA,NA,Y,N,zc7276,9,8.725,NA,NA,78332416,7.893941522
B5,t9,zot-cap,10.492,10.161,1.302,TRUE,0.238,TRUE,3,6,Amp,0.992,82.307,NA,NA,NA,Y,N,zc7276,9,10.492,NA,NA,24191568.42,7.383664026
B5,t9,zot-cap,11.266,10.161,1.302,TRUE,0.238,TRUE,3,6,Amp,0.965,82.905,NA,NA,NA,Y,N,zc7276,9,11.266,NA,NA,14459287.36,7.160146889
B3,t72,zot-cap,16.156,15.8,1.211,TRUE,0.238,TRUE,3,11,Amp,0.972,82.454,NA,NA,NA,Y,N,zc7276,72,16.156,NA,NA,559762.4151,5.748003735
B3,t72,zot-cap,16.794,15.8,1.211,TRUE,0.238,TRUE,3,11,Amp,0.956,82.313,NA,NA,NA,Y,N,zc7276,72,16.794,NA,NA,366235.9109,5.563760926
B3,t72,zot-cap,14.451,15.8,1.211,TRUE,0.238,TRUE,3,10,Amp,0.979,82.46,NA,NA,NA,Y,N,zc7276,72,14.451,NA,NA,1739309.05,6.240376757
B1,t57,zot-cap,19.944,19.663,1.066,TRUE,0.238,TRUE,3,14,Amp,0.966,82.601,NA,NA,NA,Y,N,zc7276,57,19.944,NA,NA,45091.86088,4.654098158
B1,t57,zot-cap,20.56,19.663,1.066,TRUE,0.238,TRUE,3,15,Amp,0.944,82.486,NA,NA,NA,Y,N,zc7276,57,20.56,NA,NA,29937.01883,4.47620855
B1,t57,zot-cap,18.485,19.663,1.066,TRUE,0.238,TRUE,3,12,Amp,0.974,82.486,NA,NA,NA,Y,N,zc7276,57,18.485,NA,NA,118968.1888,5.07543085
B5,t12,zot-cap,8.365,8.577,0.257,TRUE,0.238,TRUE,3,5,Amp,0.982,82.589,NA,NA,NA,N,N,zc7276,12,8.365,NA,NA,99518307.38,7.997902981
B5,t12,zot-cap,8.504,8.577,0.257,TRUE,0.238,TRUE,3,4,Amp,0.983,82.589,NA,NA,NA,N,N,zc7276,12,8.504,NA,NA,90732380.7,7.957762306
B5,t12,zot-cap,8.862,8.577,0.257,TRUE,0.238,TRUE,3,5,Amp,0.979,82.481,NA,NA,NA,N,N,zc7276,12,8.862,NA,NA,71511915.45,7.854378411
B3,t76,zot-cap,26.724,23.693,2.909,TRUE,0.238,TRUE,3,20,Amp,0.945,82.454,NA,NA,NA,Y,N,zc7276,76,26.724,NA,NA,496.7722678,2.696157343
B3,t76,zot-cap,20.925,23.693,2.909,TRUE,0.238,TRUE,3,15,Amp,0.975,82.172,NA,NA,NA,Y,N,zc7276,76,20.925,NA,NA,23485.68232,4.370803182
B3,t76,zot-cap,23.429,23.693,2.909,TRUE,0.238,TRUE,3,18,Amp,0.96,82.742,NA,NA,NA,Y,N,zc7276,76,23.429,NA,NA,4443.175595,3.647693477
B1,t60,zot-cap,19.799,18.827,0.849,TRUE,0.238,TRUE,3,14,Amp,0.953,82.46,NA,NA,NA,Y,N,zc7276,60,19.799,NA,NA,49655.97617,4.695971524
B1,t60,zot-cap,18.233,18.827,0.849,TRUE,0.238,TRUE,3,13,Amp,0.957,82.486,NA,NA,NA,Y,N,zc7276,60,18.233,NA,NA,140670.7722,5.148203871
B1,t60,zot-cap,18.448,18.827,0.849,TRUE,0.238,TRUE,3,12,Amp,0.953,82.486,NA,NA,NA,Y,N,zc7276,60,18.448,NA,NA,121931.461,5.086115778
B5,t36,zot-cap,9.6,9.176,0.511,TRUE,0.238,TRUE,3,5,Amp,0.982,82.589,NA,NA,NA,Y,N,zc7276,36,9.6,NA,NA,43778151.46,7.641257419
B5,t36,zot-cap,9.318,9.176,0.511,TRUE,0.238,TRUE,3,5,Amp,0.977,82.448,NA,NA,NA,Y,N,zc7276,36,9.318,NA,NA,52807291.85,7.722693896
B5,t36,zot-cap,8.609,9.176,0.511,TRUE,0.238,TRUE,3,5,Amp,0.98,82.34,NA,NA,NA,Y,N,zc7276,36,8.609,NA,NA,84613607.99,7.927440214
B4,t72,zot-cap,16.846,16.172,0.616,TRUE,0.238,TRUE,3,10,Amp,0.978,82.313,NA,NA,NA,Y,N,zc7276,72,16.846,NA,NA,353788.9556,5.548744271
B4,t72,zot-cap,16.034,16.172,0.616,TRUE,0.238,TRUE,3,11,Amp,0.982,82.454,NA,NA,NA,Y,N,zc7276,72,16.034,NA,NA,607064.893,5.783235118
B4,t72,zot-cap,15.636,16.172,0.616,TRUE,0.238,TRUE,3,9,Amp,0.975,82.601,NA,NA,NA,Y,N,zc7276,72,15.636,NA,NA,790988.7138,5.898170287
B2,t51,zot-cap,21.747,20.911,0.748,TRUE,0.238,TRUE,3,16,Amp,0.949,82.46,NA,NA,NA,Y,N,zc7276,51,21.747,NA,NA,13596.41829,4.133424517
B2,t51,zot-cap,20.306,20.911,0.748,TRUE,0.238,TRUE,3,14,Amp,0.967,82.627,NA,NA,NA,Y,N,zc7276,51,20.306,NA,NA,35445.3391,4.549559136
B2,t51,zot-cap,20.679,20.911,0.748,TRUE,0.238,TRUE,3,16,Amp,0.957,82.627,NA,NA,NA,Y,N,zc7276,51,20.679,NA,NA,27659.44825,4.441843513
B4,t76,zot-cap,29.058,26.329,2.369,TRUE,0.238,TRUE,3,22,Amp,0.931,82.454,NA,NA,NA,Y,N,zc7276,76,29.058,NA,NA,105.2302373,2.02214055
B4,t76,zot-cap,24.797,26.329,2.369,TRUE,0.238,TRUE,3,17,Amp,0.958,82.454,NA,NA,NA,Y,N,zc7276,76,24.797,NA,NA,1789.121901,3.252639932
B4,t76,zot-cap,25.134,26.329,2.369,TRUE,0.238,TRUE,3,19,Amp,0.959,82.883,NA,NA,NA,Y,N,zc7276,76,25.134,NA,NA,1429.948692,3.155320455
B2,t60,zot-cap,18.748,17.66,0.952,TRUE,0.238,TRUE,3,12,Amp,0.95,82.46,NA,NA,NA,Y,N,zc7276,60,18.748,NA,NA,99880.61974,4.999481228
B2,t60,zot-cap,17.256,17.66,0.952,TRUE,0.238,TRUE,3,12,Amp,0.962,82.486,NA,NA,NA,Y,N,zc7276,60,17.256,NA,NA,269366.585,5.43034372
B2,t60,zot-cap,16.976,17.66,0.952,TRUE,0.238,TRUE,3,11,Amp,0.966,82.486,NA,NA,NA,Y,N,zc7276,60,16.976,NA,NA,324490.9831,5.511202633
B2,t3,zot-cap,16.273,16.395,0.231,TRUE,0.295,TRUE,3,12,Amp,0.931,82.718,NA,NA,NA,N,N,zc_df,3,16.273,NA,NA,517864.6426,5.71421626
B2,t3,zot-cap,16.251,16.395,0.231,TRUE,0.295,TRUE,3,11,Amp,0.939,82.859,NA,NA,NA,N,N,zc_df,3,16.251,NA,NA,525496.0558,5.720569461
B2,t3,zot-cap,16.662,16.395,0.231,TRUE,0.295,TRUE,3,11,Amp,0.946,82.752,NA,NA,NA,N,N,zc_df,3,16.662,NA,NA,399834.3742,5.601880128
B3,t3,zot-cap,16.445,16.433,0.051,TRUE,0.295,TRUE,3,11,Amp,0.962,82.718,NA,NA,NA,N,N,zc_df,3,16.445,NA,NA,461897.6849,5.664545785
B3,t3,zot-cap,16.377,16.433,0.051,TRUE,0.295,TRUE,3,11,Amp,0.941,82.859,NA,NA,NA,N,N,zc_df,3,16.377,NA,NA,483262.3373,5.68418295
B3,t3,zot-cap,16.477,16.433,0.051,TRUE,0.295,TRUE,3,11,Amp,0.936,82.752,NA,NA,NA,N,N,zc_df,3,16.477,NA,NA,452173.1463,5.655304767
B1,t0,zot-cap,20.163,20.113,0.046,TRUE,0.295,TRUE,3,15,Amp,0.947,82.729,NA,NA,NA,N,N,zc_df,0,20.163,NA,NA,38981.17604,4.590854937
B1,t0,zot-cap,20.106,20.113,0.046,TRUE,0.295,TRUE,3,14,Amp,0.958,82.615,NA,NA,NA,N,N,zc_df,0,20.106,NA,NA,40486.99106,4.607315502
B1,t0,zot-cap,20.071,20.113,0.046,TRUE,0.295,TRUE,3,14,Amp,0.968,82.615,NA,NA,NA,N,N,zc_df,0,20.071,NA,NA,41440.29762,4.617422866
B4,t3,zot-cap,16.411,16.594,0.161,TRUE,0.295,TRUE,3,10,Amp,0.961,82.718,NA,NA,NA,N,N,zc_df,3,16.411,NA,NA,472459.2625,5.674364368
B4,t3,zot-cap,16.653,16.594,0.161,TRUE,0.295,TRUE,3,11,Amp,0.967,82.718,NA,NA,NA,N,N,zc_df,3,16.653,NA,NA,402234.3582,5.604479165
B4,t3,zot-cap,16.717,16.594,0.161,TRUE,0.295,TRUE,3,11,Amp,0.957,82.752,NA,NA,NA,N,N,zc_df,3,16.717,NA,NA,385475.808,5.585997127
B2,t0,zot-cap,22.366,21.856,0.446,TRUE,0.295,TRUE,3,17,Amp,0.953,82.729,NA,NA,NA,N,N,zc_df,0,22.366,NA,NA,9008.833563,3.954668563
B2,t0,zot-cap,21.657,21.856,0.446,TRUE,0.295,TRUE,3,16,Amp,0.967,82.474,NA,NA,NA,N,N,zc_df,0,21.657,NA,NA,14434.93663,4.159414882
B2,t0,zot-cap,21.544,21.856,0.446,TRUE,0.295,TRUE,3,16,Amp,0.96,82.474,NA,NA,NA,N,N,zc_df,0,21.544,NA,NA,15561.34849,4.192047229
B5,t3,zot-cap,15.475,15.388,0.081,TRUE,0.295,TRUE,3,10,Amp,0.972,82.577,NA,NA,NA,N,N,zc_df,3,15.475,NA,NA,880367.8245,5.944664162
B5,t3,zot-cap,15.373,15.388,0.081,TRUE,0.295,TRUE,3,10,Amp,0.962,82.718,NA,NA,NA,N,N,zc_df,3,15.373,NA,NA,942149.6875,5.974119908
B5,t3,zot-cap,15.316,15.388,0.081,TRUE,0.295,TRUE,3,9,Amp,0.949,82.752,NA,NA,NA,N,N,zc_df,3,15.316,NA,NA,978544.2578,5.990580473
B3,t0,zot-cap,22.586,22.55,0.23,TRUE,0.295,TRUE,3,17,Amp,0.97,82.446,NA,NA,NA,N,N,zc_df,0,22.586,NA,NA,7782.812372,3.891136561
B3,t0,zot-cap,22.76,22.55,0.23,TRUE,0.295,TRUE,3,16,Amp,0.963,82.474,NA,NA,NA,N,N,zc_df,0,22.76,NA,NA,6932.47835,3.840888522
B3,t0,zot-cap,22.305,22.55,0.23,TRUE,0.295,TRUE,3,16,Amp,0.957,82.474,NA,NA,NA,N,N,zc_df,0,22.305,NA,NA,9381.758624,3.972284255
B4,t0,zot-cap,20.912,20.903,0.111,TRUE,0.295,TRUE,3,16,Amp,0.959,82.588,NA,NA,NA,N,N,zc_df,0,20.912,NA,NA,23689.57917,4.374557346
B4,t0,zot-cap,21.009,20.903,0.111,TRUE,0.295,TRUE,3,15,Amp,0.955,82.615,NA,NA,NA,N,N,zc_df,0,21.009,NA,NA,22209.84401,4.346545508
B4,t0,zot-cap,20.788,20.903,0.111,TRUE,0.295,TRUE,3,15,Amp,0.958,82.474,NA,NA,NA,N,N,zc_df,0,20.788,NA,NA,25725.64622,4.410366293
B5,t0,zot-cap,21.597,21.967,0.734,TRUE,0.295,TRUE,3,16,Amp,0.968,82.446,NA,NA,NA,Y,N,zc_df,0,21.597,NA,NA,15022.48543,4.176741792
B5,t0,zot-cap,22.813,21.967,0.734,TRUE,0.295,TRUE,3,17,Amp,0.939,82.615,NA,NA,NA,Y,N,zc_df,0,22.813,NA,NA,6692.418406,3.825583085
B5,t0,zot-cap,21.492,21.967,0.734,TRUE,0.295,TRUE,3,16,Amp,0.97,82.474,NA,NA,NA,Y,N,zc_df,0,21.492,NA,NA,16108.82575,4.207063884
B1,t3,zot-cap,15.438,15.603,0.148,TRUE,0.295,TRUE,3,10,Amp,0.949,82.729,NA,NA,NA,N,N,zc_df,3,15.438,NA,NA,902296.1191,5.955349089
B1,t3,zot-cap,15.646,15.603,0.148,TRUE,0.295,TRUE,3,10,Amp,0.941,82.757,NA,NA,NA,N,N,zc_df,3,15.646,NA,NA,785746.5241,5.895282469
B1,t3,zot-cap,15.723,15.603,0.148,TRUE,0.295,TRUE,3,10,Amp,0.946,82.615,NA,NA,NA,N,N,zc_df,3,15.723,NA,NA,746528.2855,5.873046268
B2,t9,zot-cap,10.218,9.65,0.493,TRUE,0.196,TRUE,3,6,Amp,0.951,82.746,NA,NA,NA,N,N,zc_df,9,10.218,NA,NA,29026204.31,7.462790248
B2,t9,zot-cap,9.335,9.65,0.493,TRUE,0.196,TRUE,3,5,Amp,0.959,82.746,NA,NA,NA,N,N,zc_df,9,9.335,NA,NA,52213716.25,7.717784605
B2,t9,zot-cap,9.397,9.65,0.493,TRUE,0.196,TRUE,3,5,Amp,0.932,82.775,NA,NA,NA,N,N,zc_df,9,9.397,NA,NA,50104892.09,7.699880131
B3,t9,zot-cap,9.511,9.644,0.288,TRUE,0.196,TRUE,3,5,Amp,0.961,82.746,NA,NA,NA,N,N,zc_df,9,9.511,NA,NA,46447142.69,7.666959002
B3,t9,zot-cap,9.975,9.644,0.288,TRUE,0.196,TRUE,3,6,Amp,0.969,82.746,NA,NA,NA,N,N,zc_df,9,9.975,NA,NA,34116481.31,7.532964233
B3,t9,zot-cap,9.446,9.644,0.288,TRUE,0.196,TRUE,3,5,Amp,0.98,82.775,NA,NA,NA,N,N,zc_df,9,9.446,NA,NA,48498669.17,7.685729821
B1,t6,zot-cap,12.044,12.101,0.064,TRUE,0.196,TRUE,3,7,Amp,0.913,82.758,NA,NA,NA,N,N,zc_df,6,12.044,NA,NA,8619352.144,6.935474624
B1,t6,zot-cap,12.088,12.101,0.064,TRUE,0.196,TRUE,3,8,Amp,0.923,82.637,NA,NA,NA,N,N,zc_df,6,12.088,NA,NA,8370824.247,6.922768224
B1,t6,zot-cap,12.17,12.101,0.064,TRUE,0.196,TRUE,3,7,Amp,0.929,82.637,NA,NA,NA,N,N,zc_df,6,12.17,NA,NA,7926621.364,6.899088113
B4,t9,zot-cap,9.801,9.721,0.101,TRUE,0.196,TRUE,3,5,Amp,0.926,82.746,NA,NA,NA,N,N,zc_df,9,9.801,NA,NA,38301190.34,7.583212271
B4,t9,zot-cap,9.756,9.721,0.101,TRUE,0.196,TRUE,3,5,Amp,0.961,82.604,NA,NA,NA,N,N,zc_df,9,9.756,NA,NA,39464577.15,7.596207454
B4,t9,zot-cap,9.607,9.721,0.101,TRUE,0.196,TRUE,3,5,Amp,0.971,82.775,NA,NA,NA,N,N,zc_df,9,9.607,NA,NA,43574854.6,7.639235947
B2,t6,zot-cap,11.308,11.961,0.584,TRUE,0.196,TRUE,3,7,Amp,0.948,82.758,NA,NA,NA,Y,N,zc_df,6,11.308,NA,NA,14061059.69,7.148018052
B2,t6,zot-cap,12.432,11.961,0.584,TRUE,0.196,TRUE,3,7,Amp,0.919,82.92,NA,NA,NA,Y,N,zc_df,6,12.432,NA,NA,6659279.967,6.823427274
B2,t6,zot-cap,12.145,11.961,0.584,TRUE,0.196,TRUE,3,8,Amp,0.908,82.637,NA,NA,NA,Y,N,zc_df,6,12.145,NA,NA,8059491.828,6.906307659
B5,t9,zot-cap,9.382,17.557,14.345,TRUE,0.196,TRUE,3,5,Amp,0.962,82.604,NA,NA,NA,Y,N,zc_df,9,9.382,NA,NA,50607147.49,7.704211859
B5,t9,zot-cap,9.168,17.557,14.345,TRUE,0.196,TRUE,3,5,Amp,0.92,83.028,NA,NA,NA,Y,N,zc_df,9,9.168,NA,NA,58346011.13,7.76601117
B3,t6,zot-cap,12.585,12.168,0.549,TRUE,0.196,TRUE,3,8,Amp,0.93,82.758,NA,NA,NA,Y,N,zc_df,6,12.585,NA,NA,6015111.105,6.779243654
B3,t6,zot-cap,11.546,12.168,0.549,TRUE,0.196,TRUE,3,7,Amp,0.958,82.496,NA,NA,NA,Y,N,zc_df,6,11.546,NA,NA,12002949.42,7.079287976
B3,t6,zot-cap,12.372,12.168,0.549,TRUE,0.196,TRUE,3,7,Amp,0.925,82.637,NA,NA,NA,Y,N,zc_df,6,12.372,NA,NA,6930334.289,6.840754184
B4,t6,zot-cap,12.68,12.517,0.2,TRUE,0.196,TRUE,3,8,Amp,0.938,82.616,NA,NA,NA,N,N,zc_df,6,12.68,NA,NA,5646890.673,6.75180938
B4,t6,zot-cap,12.294,12.517,0.2,TRUE,0.196,TRUE,3,7,Amp,0.934,82.637,NA,NA,NA,N,N,zc_df,6,12.294,NA,NA,7299265.595,6.863279166
B4,t6,zot-cap,12.578,12.517,0.2,TRUE,0.196,TRUE,3,8,Amp,0.926,82.637,NA,NA,NA,N,N,zc_df,6,12.578,NA,NA,6043174.381,6.781265126
B5,t6,zot-cap,11.796,11.428,0.341,TRUE,0.196,TRUE,3,7,Amp,0.971,82.333,NA,NA,NA,N,N,zc_df,6,11.796,NA,NA,10164652.09,7.007092518
B5,t6,zot-cap,11.367,11.428,0.341,TRUE,0.196,TRUE,3,7,Amp,0.933,82.779,NA,NA,NA,N,N,zc_df,6,11.367,NA,NA,13520100.62,7.130979924
B5,t6,zot-cap,11.122,11.428,0.341,TRUE,0.196,TRUE,3,7,Amp,0.914,82.779,NA,NA,NA,N,N,zc_df,6,11.122,NA,NA,15912245.57,7.201731472
B1,t9,zot-cap,9.643,9.443,0.215,TRUE,0.196,TRUE,3,5,Amp,0.955,82.475,NA,NA,NA,N,N,zc_df,9,9.643,NA,NA,42544145.05,7.628839801
B1,t9,zot-cap,9.215,9.443,0.215,TRUE,0.196,TRUE,3,5,Amp,0.935,82.637,NA,NA,NA,N,N,zc_df,9,9.215,NA,NA,56550757.21,7.752438424
B1,t9,zot-cap,9.47,9.443,0.215,TRUE,0.196,TRUE,3,5,Amp,0.971,82.637,NA,NA,NA,N,N,zc_df,9,9.47,NA,NA,47730837.81,7.678799057
B2,t24,zot-cap,6.804,6.865,0.144,TRUE,0.227,TRUE,3,3,Amp,0.973,82.707,NA,NA,NA,N,N,zc_df,24,6.804,NA,NA,280990359,8.448691419
B2,t24,zot-cap,6.762,6.865,0.144,TRUE,0.227,TRUE,3,3,Amp,0.97,82.707,NA,NA,NA,N,N,zc_df,24,6.762,NA,NA,288948374.8,8.460820256
B2,t24,zot-cap,7.029,6.865,0.144,TRUE,0.227,TRUE,3,3,Amp,0.973,82.748,NA,NA,NA,N,N,zc_df,24,7.029,NA,NA,241944362.6,8.383715507
B3,t24,zot-cap,6.411,6.512,0.088,TRUE,0.227,TRUE,3,3,Amp,0.969,82.707,NA,NA,NA,N,N,zc_df,24,6.411,NA,NA,364907407,8.562182679
B3,t24,zot-cap,6.573,6.512,0.088,TRUE,0.227,TRUE,3,3,Amp,0.97,82.707,NA,NA,NA,N,N,zc_df,24,6.573,NA,NA,327642342.5,8.515400022
B3,t24,zot-cap,6.553,6.512,0.088,TRUE,0.227,TRUE,3,3,Amp,0.974,82.748,NA,NA,NA,N,N,zc_df,24,6.553,NA,NA,332028725.9,8.521175659
B1,t12,zot-cap,9.016,8.999,0.024,TRUE,0.227,TRUE,3,5,Amp,0.972,82.438,NA,NA,NA,N,N,zc_df,12,9.016,NA,NA,64551450.99,7.809906009
B1,t12,zot-cap,8.982,8.999,0.024,TRUE,0.227,TRUE,3,5,Amp,0.971,82.469,NA,NA,NA,N,N,zc_df,12,8.982,NA,NA,66027460.04,7.819724591
B4,t24,zot-cap,6.827,6.628,0.173,TRUE,0.227,TRUE,3,3,Amp,0.949,82.989,NA,NA,NA,N,N,zc_df,24,6.827,NA,NA,276725663.3,8.442049437
B4,t24,zot-cap,6.519,6.628,0.173,TRUE,0.227,TRUE,3,3,Amp,0.988,82.566,NA,NA,NA,N,N,zc_df,24,6.519,NA,NA,339620769.1,8.530994241
B4,t24,zot-cap,6.537,6.628,0.173,TRUE,0.227,TRUE,3,3,Amp,0.976,82.607,NA,NA,NA,N,N,zc_df,24,6.537,NA,NA,335580076.1,8.525796168
B2,t12,zot-cap,9.046,9.533,0.645,TRUE,0.227,TRUE,3,5,Amp,0.976,82.579,NA,NA,NA,Y,N,zc_df,12,9.046,NA,NA,63276515.27,7.801242554
B2,t12,zot-cap,10.264,9.533,0.645,TRUE,0.227,TRUE,3,6,Amp,0.968,82.327,NA,NA,NA,Y,N,zc_df,12,10.264,NA,NA,28151807.46,7.449506284
B2,t12,zot-cap,9.287,9.533,0.645,TRUE,0.227,TRUE,3,5,Amp,0.986,82.469,NA,NA,NA,Y,N,zc_df,12,9.287,NA,NA,53907120.3,7.731646133
B5,t24,zot-cap,6.449,6.47,0.072,TRUE,0.227,TRUE,3,3,Amp,0.963,82.707,NA,NA,NA,N,N,zc_df,24,6.449,NA,NA,355802478.7,8.551208969
B5,t24,zot-cap,6.551,6.47,0.072,TRUE,0.227,TRUE,3,3,Amp,0.981,82.566,NA,NA,NA,N,N,zc_df,24,6.551,NA,NA,332470581.1,8.521753223
B5,t24,zot-cap,6.411,6.47,0.072,TRUE,0.227,TRUE,3,3,Amp,0.961,82.607,NA,NA,NA,N,N,zc_df,24,6.411,NA,NA,364907407,8.562182679
B3,t12,zot-cap,9.268,9.128,0.122,TRUE,0.227,TRUE,3,5,Amp,0.975,82.579,NA,NA,NA,N,N,zc_df,12,9.268,NA,NA,54592500.58,7.737132987
B3,t12,zot-cap,9.073,9.128,0.122,TRUE,0.227,TRUE,3,5,Amp,0.983,82.469,NA,NA,NA,N,N,zc_df,12,9.073,NA,NA,62150617,7.793445444
B3,t12,zot-cap,9.044,9.128,0.122,TRUE,0.227,TRUE,3,5,Amp,0.977,82.469,NA,NA,NA,N,N,zc_df,12,9.044,NA,NA,63360722.02,7.801820118
B4,t12,zot-cap,9.533,9.402,0.47,TRUE,0.227,TRUE,3,5,Amp,0.977,82.579,NA,NA,NA,N,N,zc_df,12,9.533,NA,NA,45772623.18,7.660605802
B4,t12,zot-cap,9.791,9.402,0.47,TRUE,0.227,TRUE,3,6,Amp,0.977,82.327,NA,NA,NA,N,N,zc_df,12,9.791,NA,NA,38556720.72,7.58610009
B4,t12,zot-cap,8.88,9.402,0.47,TRUE,0.227,TRUE,3,5,Amp,0.977,82.469,NA,NA,NA,N,N,zc_df,12,8.88,NA,NA,70661090.88,7.849180338
B5,t12,zot-cap,8.67,17.626,15.493,TRUE,0.227,TRUE,3,5,Amp,0.981,82.61,NA,NA,NA,Y,N,zc_df,12,8.67,NA,NA,81250215.66,7.909824522
B5,t12,zot-cap,8.692,17.626,15.493,TRUE,0.227,TRUE,3,5,Amp,0.992,82.469,NA,NA,NA,Y,N,zc_df,12,8.692,NA,NA,80070275.37,7.903471322
B1,t24,zot-cap,6.754,6.764,0.138,TRUE,0.227,TRUE,3,3,Amp,0.978,82.579,NA,NA,NA,N,N,zc_df,24,6.754,NA,NA,290489548,8.463130511
B1,t24,zot-cap,6.907,6.764,0.138,TRUE,0.227,TRUE,3,3,Amp,0.967,82.61,NA,NA,NA,N,N,zc_df,24,6.907,NA,NA,262389765,8.418946891
B1,t24,zot-cap,6.632,6.764,0.138,TRUE,0.227,TRUE,3,3,Amp,0.956,82.61,NA,NA,NA,N,N,zc_df,24,6.632,NA,NA,315037240.1,8.498361894
B2,t30,zot-cap,12.852,12.925,0.072,TRUE,0.281,TRUE,3,7,Amp,0.899,82.687,NA,NA,NA,N,N,zc_df,30,12.852,NA,NA,5036616.741,6.702138905
B2,t30,zot-cap,12.927,12.925,0.072,TRUE,0.281,TRUE,3,8,Amp,0.94,82.687,NA,NA,NA,N,N,zc_df,30,12.927,NA,NA,4791596.812,6.680480267
B2,t30,zot-cap,12.996,12.925,0.072,TRUE,0.281,TRUE,3,8,Amp,0.916,82.745,NA,NA,NA,N,N,zc_df,30,12.996,NA,NA,4576719.763,6.660554321
B3,t30,zot-cap,11.267,11.429,0.148,TRUE,0.281,TRUE,3,6,Amp,0.959,82.687,NA,NA,NA,N,N,zc_df,30,11.267,NA,NA,14449675.93,7.159858107
B3,t30,zot-cap,11.461,11.429,0.148,TRUE,0.281,TRUE,3,7,Amp,0.953,82.687,NA,NA,NA,N,N,zc_df,30,11.461,NA,NA,12700898.1,7.103834432
B3,t30,zot-cap,11.558,11.429,0.148,TRUE,0.281,TRUE,3,7,Amp,0.956,82.745,NA,NA,NA,N,N,zc_df,30,11.558,NA,NA,11907554.94,7.075822594
B1,t27,zot-cap,14.058,14.163,0.119,TRUE,0.281,TRUE,3,9,Amp,0.938,82.574,NA,NA,NA,N,N,zc_df,27,14.058,NA,NA,2258749.224,6.353868016
B1,t27,zot-cap,14.14,14.163,0.119,TRUE,0.281,TRUE,3,9,Amp,0.93,82.607,NA,NA,NA,N,N,zc_df,27,14.14,NA,NA,2138887.322,6.330187906
B1,t27,zot-cap,14.292,14.163,0.119,TRUE,0.281,TRUE,3,9,Amp,0.931,82.466,NA,NA,NA,N,N,zc_df,27,14.292,NA,NA,1933272.476,6.286293068
B4,t30,zot-cap,11.787,11.793,0.036,TRUE,0.281,TRUE,3,7,Amp,0.937,82.687,NA,NA,NA,N,N,zc_df,30,11.787,NA,NA,10225664.86,7.009691555
B4,t30,zot-cap,11.832,11.793,0.036,TRUE,0.281,TRUE,3,7,Amp,0.972,82.687,NA,NA,NA,N,N,zc_df,30,11.832,NA,NA,9924219.755,6.996696372
B4,t30,zot-cap,11.761,11.793,0.036,TRUE,0.281,TRUE,3,7,Amp,0.964,82.745,NA,NA,NA,N,N,zc_df,30,11.761,NA,NA,10403988.95,7.017199882
B2,t27,zot-cap,14.244,14.21,0.043,TRUE,0.281,TRUE,3,9,Amp,0.92,82.574,NA,NA,NA,N,N,zc_df,27,14.244,NA,NA,1995972.695,6.300154596
B2,t27,zot-cap,14.162,14.21,0.043,TRUE,0.281,TRUE,3,9,Amp,0.923,82.466,NA,NA,NA,N,N,zc_df,27,14.162,NA,NA,2107825.751,6.323834706
B2,t27,zot-cap,14.224,14.21,0.043,TRUE,0.281,TRUE,3,9,Amp,0.935,82.466,NA,NA,NA,N,N,zc_df,27,14.224,NA,NA,2022694.215,6.305930232
B5,t30,zot-cap,11.234,11.574,0.691,TRUE,0.281,TRUE,3,6,Amp,0.962,82.546,NA,NA,NA,Y,N,zc_df,30,11.234,NA,NA,14770252.08,7.169387907
B5,t30,zot-cap,11.12,11.574,0.691,TRUE,0.281,TRUE,3,6,Amp,0.959,82.546,NA,NA,NA,Y,N,zc_df,30,11.12,NA,NA,15933421.17,7.202309036
B5,t30,zot-cap,12.369,11.574,0.691,TRUE,0.281,TRUE,3,7,Amp,0.951,82.321,NA,NA,NA,Y,N,zc_df,30,12.369,NA,NA,6944172.956,6.841620529
B3,t27,zot-cap,14.037,14.113,0.178,TRUE,0.281,TRUE,3,9,Amp,0.932,82.715,NA,NA,NA,N,N,zc_df,27,14.037,NA,NA,2290511.28,6.359932435
B3,t27,zot-cap,14.316,14.113,0.178,TRUE,0.281,TRUE,3,9,Amp,0.907,82.607,NA,NA,NA,N,N,zc_df,27,14.316,NA,NA,1902664.889,6.279362304
B3,t27,zot-cap,13.986,14.113,0.178,TRUE,0.281,TRUE,3,9,Amp,0.911,82.607,NA,NA,NA,N,N,zc_df,27,13.986,NA,NA,2369519.615,6.374660308
B4,t27,zot-cap,14.031,14.32,0.549,TRUE,0.281,TRUE,3,8,Amp,0.934,82.433,NA,NA,NA,Y,N,zc_df,27,14.031,NA,NA,2299667.914,6.361665126
B4,t27,zot-cap,14.953,14.32,0.549,TRUE,0.281,TRUE,3,10,Amp,0.933,82.324,NA,NA,NA,Y,N,zc_df,27,14.953,NA,NA,1245685.122,6.095408277
B4,t27,zot-cap,13.975,14.32,0.549,TRUE,0.281,TRUE,3,9,Amp,0.93,82.607,NA,NA,NA,Y,N,zc_df,27,13.975,NA,NA,2386914.751,6.377836908
B5,t27,zot-cap,14.036,14.243,0.189,TRUE,0.281,TRUE,3,8,Amp,0.926,82.574,NA,NA,NA,N,N,zc_df,27,14.036,NA,NA,2292034.85,6.360221217
B5,t27,zot-cap,14.405,14.243,0.189,TRUE,0.281,TRUE,3,9,Amp,0.929,82.466,NA,NA,NA,N,N,zc_df,27,14.405,NA,NA,1793332.095,6.253660721
B5,t27,zot-cap,14.288,14.243,0.189,TRUE,0.281,TRUE,3,9,Amp,0.939,82.466,NA,NA,NA,N,N,zc_df,27,14.288,NA,NA,1938421.398,6.287448195
B1,t30,zot-cap,13.245,13.466,0.489,TRUE,0.281,TRUE,3,7,Amp,0.921,82.574,NA,NA,NA,N,N,zc_df,30,13.245,NA,NA,3878355.767,6.588647645
B1,t30,zot-cap,13.127,13.466,0.489,TRUE,0.281,TRUE,3,8,Amp,0.916,82.607,NA,NA,NA,N,N,zc_df,30,13.127,NA,NA,4194922.107,6.622723901
B1,t30,zot-cap,14.027,13.466,0.489,TRUE,0.281,TRUE,3,8,Amp,0.904,82.466,NA,NA,NA,N,N,zc_df,30,14.027,NA,NA,2305792.664,6.362820253
B2,t48,zot-cap,15.244,15.631,0.547,TRUE,0.247,TRUE,3,11,Amp,0.933,82.594,NA,NA,NA,Y,N,zc_df,48,15.244,NA,NA,1026532.644,6.011372765
B2,t48,zot-cap,15.392,15.631,0.547,TRUE,0.247,TRUE,3,11,Amp,0.908,82.453,NA,NA,NA,Y,N,zc_df,48,15.392,NA,NA,930321.4912,5.968633054
B2,t48,zot-cap,16.256,15.631,0.547,TRUE,0.247,TRUE,3,11,Amp,0.922,82.619,NA,NA,NA,Y,N,zc_df,48,16.256,NA,NA,523751.8278,5.719125552
B3,t48,zot-cap,8.074,8.009,0.056,TRUE,0.247,TRUE,3,4,Amp,0.984,82.594,NA,NA,NA,N,N,zc_df,48,8.074,NA,NA,120764279.3,8.081938494
B3,t48,zot-cap,7.977,8.009,0.056,TRUE,0.247,TRUE,3,4,Amp,0.969,82.594,NA,NA,NA,N,N,zc_df,48,7.977,NA,NA,128810222.8,8.109950331
B3,t48,zot-cap,7.977,8.009,0.056,TRUE,0.247,TRUE,3,4,Amp,0.969,82.619,NA,NA,NA,N,N,zc_df,48,7.977,NA,NA,128810222.8,8.109950331
B1,t36,zot-cap,11.679,11.947,0.369,TRUE,0.247,TRUE,3,7,Amp,0.976,82.455,NA,NA,NA,N,N,zc_df,36,11.679,NA,NA,10987021.96,7.040879993
B1,t36,zot-cap,11.793,11.947,0.369,TRUE,0.247,TRUE,3,7,Amp,0.977,82.483,NA,NA,NA,N,N,zc_df,36,11.793,NA,NA,10184949.12,7.007958864
B1,t36,zot-cap,12.367,11.947,0.369,TRUE,0.247,TRUE,3,7,Amp,0.951,82.483,NA,NA,NA,N,N,zc_df,36,12.367,NA,NA,6953414.082,6.842198093
B4,t48,zot-cap,10.232,10.318,0.077,TRUE,0.247,TRUE,3,6,Amp,0.96,82.735,NA,NA,NA,N,N,zc_df,48,10.232,NA,NA,28757246.64,7.458747302
B4,t48,zot-cap,10.342,10.318,0.077,TRUE,0.247,TRUE,3,6,Amp,0.964,82.453,NA,NA,NA,N,N,zc_df,48,10.342,NA,NA,26728913.21,7.426981301
B4,t48,zot-cap,10.381,10.318,0.077,TRUE,0.247,TRUE,3,6,Amp,0.957,82.619,NA,NA,NA,N,N,zc_df,48,10.381,NA,NA,26044667.02,7.415718809
B2,t36,zot-cap,11.65,11.85,0.384,TRUE,0.247,TRUE,3,7,Amp,0.967,82.597,NA,NA,NA,N,N,zc_df,36,11.65,NA,NA,11200945.02,7.049254666
B2,t36,zot-cap,12.292,11.85,0.384,TRUE,0.247,TRUE,3,8,Amp,0.906,82.765,NA,NA,NA,N,N,zc_df,36,12.292,NA,NA,7308979.27,6.86385673
B2,t36,zot-cap,11.607,11.85,0.384,TRUE,0.247,TRUE,3,7,Amp,0.974,82.483,NA,NA,NA,N,N,zc_df,36,11.607,NA,NA,11525831.98,7.061672284
B5,t48,zot-cap,7.203,7.208,0.042,TRUE,0.247,TRUE,3,3,Amp,0.974,82.594,NA,NA,NA,N,N,zc_df,48,7.203,NA,NA,215510020.7,8.333467469
B5,t48,zot-cap,7.169,7.208,0.042,TRUE,0.247,TRUE,3,3,Amp,0.979,82.453,NA,NA,NA,N,N,zc_df,48,7.169,NA,NA,220437791.3,8.343286051
B5,t48,zot-cap,7.252,7.208,0.042,TRUE,0.247,TRUE,3,3,Amp,0.98,82.477,NA,NA,NA,N,N,zc_df,48,7.252,NA,NA,208601371.2,8.319317159
B3,t36,zot-cap,9.263,19.52,17.577,TRUE,0.247,TRUE,3,5,Amp,0.981,82.597,NA,NA,NA,Y,N,zc_df,36,9.263,NA,NA,54774307.62,7.738576897
B3,t36,zot-cap,9.482,19.52,17.577,TRUE,0.247,TRUE,3,5,Amp,0.978,82.2,NA,NA,NA,Y,N,zc_df,36,9.482,NA,NA,47351492.85,7.675333676
B4,t36,zot-cap,9.674,9.923,0.908,TRUE,0.247,TRUE,3,5,Amp,0.972,82.597,NA,NA,NA,Y,N,zc_df,36,9.674,NA,NA,41676147.26,7.619887564
B4,t36,zot-cap,10.93,9.923,0.908,TRUE,0.247,TRUE,3,7,Amp,0.931,82.624,NA,NA,NA,Y,N,zc_df,36,10.93,NA,NA,18079132.35,7.257177584
B4,t36,zot-cap,9.165,9.923,0.908,TRUE,0.247,TRUE,3,5,Amp,0.982,82.341,NA,NA,NA,Y,N,zc_df,36,9.165,NA,NA,58462517.91,7.766877516
B5,t36,zot-cap,8.823,8.435,0.549,TRUE,0.247,TRUE,3,5,Amp,0.988,82.455,NA,NA,NA,Y,N,zc_df,36,8.823,NA,NA,73390678.41,7.865640902
B5,t36,zot-cap,8.047,8.435,0.549,TRUE,0.247,TRUE,3,4,Amp,0.982,82.765,NA,NA,NA,Y,N,zc_df,36,8.047,NA,NA,122952001.6,8.089735603
B1,t48,zot-cap,14.182,14.183,0.064,TRUE,0.247,TRUE,3,8,Amp,0.929,82.455,NA,NA,NA,N,N,zc_df,48,14.182,NA,NA,2079979.57,6.318059069
B1,t48,zot-cap,14.248,14.183,0.064,TRUE,0.247,TRUE,3,9,Amp,0.945,82.483,NA,NA,NA,N,N,zc_df,48,14.248,NA,NA,1990670.902,6.298999468
B1,t48,zot-cap,14.12,14.183,0.064,TRUE,0.247,TRUE,3,9,Amp,0.937,82.624,NA,NA,NA,N,N,zc_df,48,14.12,NA,NA,2167522.143,6.335963543
B2,t54,zot-cap,18.47,18.558,0.123,TRUE,0.293,TRUE,3,13,Amp,0.942,82.582,NA,NA,NA,N,N,zc_df,54,18.47,NA,NA,120160.7354,5.079762577
B2,t54,zot-cap,18.506,18.558,0.123,TRUE,0.293,TRUE,3,12,Amp,0.939,82.582,NA,NA,NA,N,N,zc_df,54,18.506,NA,NA,117318.4811,5.069366432
B2,t54,zot-cap,18.698,18.558,0.123,TRUE,0.293,TRUE,3,13,Amp,0.939,82.466,NA,NA,NA,N,N,zc_df,54,18.698,NA,NA,103257.1942,5.01392032
B3,t54,zot-cap,13.708,13.822,0.151,TRUE,0.293,TRUE,3,9,Amp,0.973,82.441,NA,NA,NA,N,N,zc_df,54,13.708,NA,NA,2850635.29,6.454941657
B3,t54,zot-cap,13.766,13.822,0.151,TRUE,0.293,TRUE,3,9,Amp,0.978,82.582,NA,NA,NA,N,N,zc_df,54,13.766,NA,NA,2742788.444,6.438192311
B3,t54,zot-cap,13.993,13.822,0.151,TRUE,0.293,TRUE,3,9,Amp,0.981,82.466,NA,NA,NA,N,N,zc_df,54,13.993,NA,NA,2358516.046,6.372638835
B1,t51,zot-cap,21.305,21.154,0.215,TRUE,0.293,TRUE,3,15,Amp,0.943,82.753,NA,NA,NA,N,N,zc_df,51,21.305,NA,NA,18241.73264,4.261066086
B1,t51,zot-cap,21.002,21.154,0.215,TRUE,0.293,TRUE,3,15,Amp,0.943,82.47,NA,NA,NA,N,N,zc_df,51,21.002,NA,NA,22313.46321,4.348566981
B4,t54,zot-cap,15.15,15.16,0.032,TRUE,0.293,TRUE,3,10,Amp,0.968,82.441,NA,NA,NA,N,N,zc_df,54,15.15,NA,NA,1092743.563,6.038518257
B4,t54,zot-cap,15.135,15.16,0.032,TRUE,0.293,TRUE,3,10,Amp,0.954,82.441,NA,NA,NA,N,N,zc_df,54,15.135,NA,NA,1103697.31,6.042849984
B4,t54,zot-cap,15.196,15.16,0.032,TRUE,0.293,TRUE,3,10,Amp,0.953,82.466,NA,NA,NA,N,N,zc_df,54,15.196,NA,NA,1059825.324,6.025234293
B2,t51,zot-cap,21.147,21.148,0.002,TRUE,0.293,TRUE,3,15,Amp,0.946,82.446,NA,NA,NA,N,N,zc_df,51,21.147,NA,NA,20262.52742,4.306693616
B2,t51,zot-cap,21.149,21.148,0.002,TRUE,0.293,TRUE,3,16,Amp,0.943,82.47,NA,NA,NA,N,N,zc_df,51,21.149,NA,NA,20235.59841,4.306116052
B5,t54,zot-cap,13.774,13.372,0.549,TRUE,0.293,TRUE,3,8,Amp,0.989,82.441,NA,NA,NA,Y,N,zc_df,54,13.774,NA,NA,2728236.761,6.435882056
B5,t54,zot-cap,13.596,13.372,0.549,TRUE,0.293,TRUE,3,8,Amp,0.98,82.441,NA,NA,NA,Y,N,zc_df,54,13.596,NA,NA,3071038.226,6.487285222
B5,t54,zot-cap,12.747,13.372,0.549,TRUE,0.293,TRUE,3,6,Amp,0.96,82.608,NA,NA,NA,Y,N,zc_df,54,12.747,NA,NA,5400836.088,6.732460997
B3,t51,zot-cap,15.361,15.453,0.155,TRUE,0.293,TRUE,3,10,Amp,0.975,82.446,NA,NA,NA,N,N,zc_df,51,15.361,NA,NA,949697.4905,5.97758529
B3,t51,zot-cap,15.367,15.453,0.155,TRUE,0.293,TRUE,3,10,Amp,0.965,82.329,NA,NA,NA,N,N,zc_df,51,15.367,NA,NA,945916.0607,5.975852599
B3,t51,zot-cap,15.632,15.453,0.155,TRUE,0.293,TRUE,3,10,Amp,0.946,82.329,NA,NA,NA,N,N,zc_df,51,15.632,NA,NA,793095.3694,5.899325414
B4,t51,zot-cap,17.786,17.888,0.176,TRUE,0.293,TRUE,3,12,Amp,0.941,82.446,NA,NA,NA,N,N,zc_df,51,17.786,NA,NA,189360.4818,5.27728935
B4,t51,zot-cap,18.091,17.888,0.176,TRUE,0.293,TRUE,3,12,Amp,0.936,82.329,NA,NA,NA,N,N,zc_df,51,18.091,NA,NA,154600.499,5.189210891
B4,t51,zot-cap,17.788,17.888,0.176,TRUE,0.293,TRUE,3,13,Amp,0.939,82.47,NA,NA,NA,N,N,zc_df,51,17.788,NA,NA,189108.8207,5.276711786
B5,t51,zot-cap,14.812,14.911,0.165,TRUE,0.293,TRUE,3,10,Amp,0.954,82.446,NA,NA,NA,N,N,zc_df,51,14.812,NA,NA,1368127.321,6.136126516
B5,t51,zot-cap,14.82,14.911,0.165,TRUE,0.293,TRUE,3,9,Amp,0.971,82.47,NA,NA,NA,N,N,zc_df,51,14.82,NA,NA,1360868.812,6.133816261
B5,t51,zot-cap,15.102,14.911,0.165,TRUE,0.293,TRUE,3,9,Amp,0.975,82.329,NA,NA,NA,N,N,zc_df,51,15.102,NA,NA,1128183.606,6.052379785
B1,t54,zot-cap,19.674,19.695,0.261,TRUE,0.293,TRUE,3,14,Amp,0.944,82.446,NA,NA,NA,N,N,zc_df,54,19.674,NA,NA,53959.666,4.732069253
B1,t54,zot-cap,19.967,19.695,0.261,TRUE,0.293,TRUE,3,14,Amp,0.935,82.188,NA,NA,NA,N,N,zc_df,54,19.967,NA,NA,44407.48485,4.647456176
B1,t54,zot-cap,19.446,19.695,0.261,TRUE,0.293,TRUE,3,13,Amp,0.941,82.329,NA,NA,NA,N,N,zc_df,54,19.446,NA,NA,62793.04018,4.79791151
B2,t60,zot-cap,16.973,16.269,1.66,TRUE,0.318,TRUE,3,11,Amp,0.942,82.749,NA,NA,NA,Y,N,zc_df,60,16.973,NA,NA,325138.9348,5.512068979
B2,t60,zot-cap,17.087,16.269,1.66,TRUE,0.318,TRUE,3,12,Amp,0.94,82.749,NA,NA,NA,Y,N,zc_df,60,17.087,NA,NA,301403.1937,5.47914785
B2,t60,zot-cap,17.232,16.269,1.66,TRUE,0.318,TRUE,3,11,Amp,0.932,82.774,NA,NA,NA,Y,N,zc_df,60,17.232,NA,NA,273699.8027,5.437274484
B2,t60,zot-cap,13.784,16.269,1.66,TRUE,0.318,TRUE,3,8,Amp,0.917,82.608,NA,NA,NA,Y,N,zc_df,60,13.784,NA,NA,2710155.675,6.432994238
B4,t60,zot-cap,13.66,13.872,0.3,TRUE,0.318,TRUE,3,8,Amp,0.939,82.749,NA,NA,NA,N,N,zc_df,60,13.66,NA,NA,2943087.574,6.468803185
B4,t60,zot-cap,14.084,13.872,0.3,TRUE,0.318,TRUE,3,9,Amp,0.936,82.916,NA,NA,NA,N,N,zc_df,60,14.084,NA,NA,2220034.322,6.346359689
B1,t57,zot-cap,24.046,20.408,3.184,TRUE,0.318,TRUE,3,17,Amp,0.937,82.756,NA,NA,NA,Y,N,zc_df,57,24.046,NA,NA,2947.915884,3.469515087
B1,t57,zot-cap,18.134,20.408,3.184,TRUE,0.318,TRUE,3,13,Amp,0.95,82.496,NA,NA,NA,Y,N,zc_df,57,18.134,NA,NA,150242.663,5.176793273
B1,t57,zot-cap,19.043,20.408,3.184,TRUE,0.318,TRUE,3,13,Amp,0.955,82.638,NA,NA,NA,Y,N,zc_df,57,19.043,NA,NA,82090.06286,4.914290588
B3,t60,zot-cap,13.926,13.514,0.904,TRUE,0.318,TRUE,3,8,Amp,0.933,82.749,NA,NA,NA,Y,N,zc_df,60,13.926,NA,NA,2465966.759,6.391987218
B3,t60,zot-cap,14.138,13.514,0.904,TRUE,0.318,TRUE,3,9,Amp,0.938,82.749,NA,NA,NA,Y,N,zc_df,60,14.138,NA,NA,2141733.698,6.33076547
B3,t60,zot-cap,12.477,13.514,0.904,TRUE,0.318,TRUE,3,7,Amp,0.947,82.633,NA,NA,NA,Y,N,zc_df,60,12.477,NA,NA,6462969.276,6.810432091
B2,t57,zot-cap,18.612,17.367,1.091,TRUE,0.318,TRUE,3,13,Amp,0.954,82.615,NA,NA,NA,Y,N,zc_df,57,18.612,NA,NA,109334.0806,5.038755557
B2,t57,zot-cap,16.911,17.367,1.091,TRUE,0.318,TRUE,3,11,Amp,0.951,82.496,NA,NA,NA,Y,N,zc_df,57,16.911,NA,NA,338823.4437,5.529973452
B2,t57,zot-cap,16.579,17.367,1.091,TRUE,0.318,TRUE,3,11,Amp,0.949,82.496,NA,NA,NA,Y,N,zc_df,57,16.579,NA,NA,422521.7016,5.62584902
B5,t60,zot-cap,13.359,13.107,0.4,TRUE,0.318,TRUE,3,8,Amp,0.956,82.608,NA,NA,NA,N,N,zc_df,60,13.359,NA,NA,3595228.653,6.555726516
B5,t60,zot-cap,12.646,13.107,0.4,TRUE,0.318,TRUE,3,7,Amp,0.929,82.608,NA,NA,NA,N,N,zc_df,60,12.646,NA,NA,5776010.338,6.761627962
B5,t60,zot-cap,13.317,13.107,0.4,TRUE,0.318,TRUE,3,7,Amp,0.934,82.774,NA,NA,NA,N,N,zc_df,60,13.317,NA,NA,3697050.247,6.567855353
B3,t57,zot-cap,13.071,12.961,0.149,TRUE,0.318,TRUE,3,8,Amp,0.937,82.756,NA,NA,NA,N,N,zc_df,57,13.071,NA,NA,4354072.775,6.638895684
B3,t57,zot-cap,12.791,12.961,0.149,TRUE,0.318,TRUE,3,8,Amp,0.968,82.496,NA,NA,NA,N,N,zc_df,57,12.791,NA,NA,5245109.949,6.719754596
B3,t57,zot-cap,13.022,12.961,0.149,TRUE,0.318,TRUE,3,8,Amp,0.92,82.638,NA,NA,NA,N,N,zc_df,57,13.022,NA,NA,4498274.908,6.653045993
B4,t57,zot-cap,13.95,14.211,0.316,TRUE,0.318,TRUE,3,8,Amp,0.943,82.615,NA,NA,NA,N,N,zc_df,57,13.95,NA,NA,2426925.552,6.385056454
B4,t57,zot-cap,14.119,14.211,0.316,TRUE,0.318,TRUE,3,9,Amp,0.934,82.779,NA,NA,NA,N,N,zc_df,57,14.119,NA,NA,2168963.905,6.336252325
B4,t57,zot-cap,14.562,14.211,0.316,TRUE,0.318,TRUE,3,9,Amp,0.933,82.638,NA,NA,NA,N,N,zc_df,57,14.562,NA,NA,1615555.84,6.208321973
B5,t57,zot-cap,12.951,12.95,0.087,TRUE,0.318,TRUE,3,8,Amp,0.937,82.756,NA,NA,NA,N,N,zc_df,57,12.951,NA,NA,4715736.21,6.673549503
B5,t57,zot-cap,12.862,12.95,0.087,TRUE,0.318,TRUE,3,8,Amp,0.946,82.638,NA,NA,NA,N,N,zc_df,57,12.862,NA,NA,5003237.124,6.699251086
B5,t57,zot-cap,13.036,12.95,0.087,TRUE,0.318,TRUE,3,8,Amp,0.939,82.638,NA,NA,NA,N,N,zc_df,57,13.036,NA,NA,4456593.759,6.649003048
B1,t60,zot-cap,18.719,19.496,1.185,TRUE,0.318,TRUE,3,13,Amp,0.95,82.615,NA,NA,NA,Y,N,zc_df,60,18.719,NA,NA,101825.3477,5.007855902
B1,t60,zot-cap,20.859,19.496,1.185,TRUE,0.318,TRUE,3,14,Amp,0.946,82.496,NA,NA,NA,Y,N,zc_df,60,20.859,NA,NA,24539.33463,4.389862783
B1,t60,zot-cap,18.909,19.496,1.185,TRUE,0.318,TRUE,3,13,Amp,0.953,82.638,NA,NA,NA,Y,N,zc_df,60,18.909,NA,NA,89740.26623,4.952987354
B3,t33,zot-cap,11.62,11.894,0.432,TRUE,0.204,TRUE,3,7,Amp,0.887,82.757,NA,NA,NA,N,N,zc_df,33,11.62,NA,NA,11426628.83,7.057918121
B3,t33,zot-cap,11.67,11.894,0.432,TRUE,0.204,TRUE,3,7,Amp,0.917,82.464,NA,NA,NA,N,N,zc_df,33,11.67,NA,NA,11052970.96,7.043479029
B3,t33,zot-cap,12.392,11.894,0.432,TRUE,0.204,TRUE,3,8,Amp,0.89,82.464,NA,NA,NA,N,N,zc_df,33,12.392,NA,NA,6838778.647,6.834978547
B4,t33,zot-cap,12.975,12.156,0.716,TRUE,0.204,TRUE,3,8,Amp,0.904,82.192,NA,NA,NA,Y,N,zc_df,33,12.975,NA,NA,4641076.632,6.666618739
B4,t33,zot-cap,11.646,12.156,0.716,TRUE,0.204,TRUE,3,7,Amp,0.907,82.464,NA,NA,NA,Y,N,zc_df,33,11.646,NA,NA,11230776.72,7.050409793
B4,t33,zot-cap,11.847,12.156,0.716,TRUE,0.204,TRUE,3,7,Amp,0.9,82.464,NA,NA,NA,Y,N,zc_df,33,11.847,NA,NA,9825725.903,6.992364645
B5,t33,zot-cap,10.82,10.787,0.172,TRUE,0.204,TRUE,3,6,Amp,0.921,82.616,NA,NA,NA,N,N,zc_df,33,10.82,NA,NA,19451073.97,7.288943585
B5,t33,zot-cap,10.94,10.787,0.172,TRUE,0.204,TRUE,3,7,Amp,0.923,82.323,NA,NA,NA,N,N,zc_df,33,10.94,NA,NA,17959314.91,7.254289766
B5,t33,zot-cap,10.6,10.787,0.172,TRUE,0.204,TRUE,3,6,Amp,0.895,82.464,NA,NA,NA,N,N,zc_df,33,10.6,NA,NA,22515188.55,7.352475588
B1,t33,zot-cap,12.404,12.07,0.368,TRUE,0.204,TRUE,3,8,Amp,0.94,82.452,NA,NA,NA,N,N,zc_df,33,12.404,NA,NA,6784426.862,6.831513165
B1,t33,zot-cap,12.131,12.07,0.368,TRUE,0.204,TRUE,3,8,Amp,0.902,82.452,NA,NA,NA,N,N,zc_df,33,12.131,NA,NA,8134869.773,6.910350605
B1,t33,zot-cap,11.676,12.07,0.368,TRUE,0.204,TRUE,3,7,Amp,0.912,82.616,NA,NA,NA,N,N,zc_df,33,11.676,NA,NA,11008961.12,7.041746338
B2,t33,zot-cap,13.548,13.206,0.555,TRUE,0.204,TRUE,3,9,Amp,0.843,82.452,NA,NA,NA,Y,N,zc_df,33,13.548,NA,NA,3170638.656,6.50114675
B2,t33,zot-cap,13.504,13.206,0.555,TRUE,0.204,TRUE,3,8,Amp,0.903,82.311,NA,NA,NA,Y,N,zc_df,33,13.504,NA,NA,3264774.208,6.513853151
B2,t33,zot-cap,12.566,13.206,0.555,TRUE,0.204,TRUE,3,8,Amp,0.915,82.475,NA,NA,NA,Y,N,zc_df,33,12.566,NA,NA,6091587.802,6.784730508
B1,t57,zot-cap,20.112,19.889,0.706,TRUE,0.239,TRUE,3,13,Amp,0.968,82.708,NA,NA,NA,Y,N,zc_redo,57,20.112,NA,NA,40325.78319,4.605582811
B1,t57,zot-cap,20.493,19.889,0.706,TRUE,0.239,TRUE,3,14,Amp,0.943,82.708,NA,NA,NA,Y,N,zc_redo,57,20.493,NA,NA,31300.90779,4.495556933
B1,t57,zot-cap,19.406,19.889,0.706,TRUE,0.239,TRUE,3,13,Amp,0.971,82.575,NA,NA,NA,Y,N,zc_redo,57,19.406,NA,NA,64485.60572,4.809462784
B1,t57,zot-cap,20.843,19.889,0.706,TRUE,0.239,TRUE,3,14,Amp,0.971,82.295,NA,NA,NA,Y,N,zc_redo,57,20.843,NA,NA,24801.80521,4.394483292
B1,t57,zot-cap,19.458,19.889,0.706,TRUE,0.239,TRUE,3,14,Amp,0.972,82.598,NA,NA,NA,Y,N,zc_redo,57,19.458,NA,NA,62293.98706,4.794446128
B1,t57,zot-cap,19.024,19.889,0.706,TRUE,0.239,TRUE,3,13,Amp,0.945,82.598,NA,NA,NA,Y,N,zc_redo,57,19.024,NA,NA,83133.76377,4.919777443
B3,t76,zot-cap,23.065,22.144,0.693,TRUE,0.239,TRUE,3,18,Amp,0.971,82.845,NA,NA,NA,Y,N,zc_redo,76,23.065,NA,NA,5659.917013,3.752810063
B3,t76,zot-cap,22.093,22.144,0.693,TRUE,0.239,TRUE,3,17,Amp,0.962,82.564,NA,NA,NA,Y,N,zc_redo,76,22.093,NA,NA,10802.04553,4.033506003
B3,t76,zot-cap,22.733,22.144,0.693,TRUE,0.239,TRUE,3,17,Amp,0.96,82.594,NA,NA,NA,Y,N,zc_redo,76,22.733,NA,NA,7058.06464,3.848685631
B3,t76,zot-cap,21.39,22.144,0.693,TRUE,0.239,TRUE,3,16,Amp,0.973,82.594,NA,NA,NA,Y,N,zc_redo,76,21.39,NA,NA,17239.30013,4.236519631
B3,t76,zot-cap,21.352,22.144,0.693,TRUE,0.239,TRUE,3,14,Amp,0.969,82.443,NA,NA,NA,Y,N,zc_redo,76,21.352,NA,NA,17680.45105,4.24749334
B3,t76,zot-cap,22.234,22.144,0.693,TRUE,0.239,TRUE,3,17,Amp,0.979,82.302,NA,NA,NA,Y,N,zc_redo,76,22.234,NA,NA,9835.30348,3.992787765
B1,t60,zot-cap,20.223,19.418,0.826,TRUE,0.239,TRUE,3,15,Amp,0.964,82.568,NA,NA,NA,Y,N,zc_redo,60,20.223,NA,NA,37456.57191,4.573528028
B1,t60,zot-cap,19.612,19.418,0.826,TRUE,0.239,TRUE,3,14,Amp,0.977,82.568,NA,NA,NA,Y,N,zc_redo,60,19.612,NA,NA,56230.73061,4.749973726
B1,t60,zot-cap,20.5,19.418,0.826,TRUE,0.239,TRUE,3,14,Amp,0.96,82.575,NA,NA,NA,Y,N,zc_redo,60,20.5,NA,NA,31155.55272,4.49353546
B1,t60,zot-cap,18.542,19.418,0.826,TRUE,0.239,TRUE,3,13,Amp,0.98,82.435,NA,NA,NA,Y,N,zc_redo,60,18.542,NA,NA,114543.4568,5.058970286
B1,t60,zot-cap,18.648,19.418,0.826,TRUE,0.239,TRUE,3,12,Amp,0.969,82.458,NA,NA,NA,Y,N,zc_redo,60,18.648,NA,NA,106747.9176,5.028359412
B1,t60,zot-cap,18.981,19.418,0.826,TRUE,0.239,TRUE,3,13,Amp,0.972,82.458,NA,NA,NA,Y,N,zc_redo,60,18.981,NA,NA,85545.08492,4.932195062
B4,t76,zot-cap,25.898,23.621,1.58,TRUE,0.239,TRUE,3,19,Amp,0.962,82.845,NA,NA,NA,Y,N,zc_redo,76,25.898,NA,NA,860.3816434,2.934691136
B4,t76,zot-cap,25.02,23.621,1.58,TRUE,0.239,TRUE,3,18,Amp,0.963,82.845,NA,NA,NA,Y,N,zc_redo,76,25.02,NA,NA,1542.558289,3.188241584
B4,t76,zot-cap,23.337,23.621,1.58,TRUE,0.239,TRUE,3,18,Amp,0.973,82.735,NA,NA,NA,Y,N,zc_redo,76,23.337,NA,NA,4723.472654,3.674261405
B4,t76,zot-cap,23.462,23.621,1.58,TRUE,0.239,TRUE,3,17,Amp,0.976,82.735,NA,NA,NA,Y,N,zc_redo,76,23.462,NA,NA,4346.740129,3.638163677
B4,t76,zot-cap,21.972,23.621,1.58,TRUE,0.239,TRUE,3,16,Amp,0.982,82.583,NA,NA,NA,Y,N,zc_redo,76,21.972,NA,NA,11707.08051,4.068448605
B4,t76,zot-cap,22.036,23.621,1.58,TRUE,0.239,TRUE,3,14,Amp,0.983,82.443,NA,NA,NA,Y,N,zc_redo,76,22.036,NA,NA,11219.32084,4.049966568
B1,t72,zot-cap,28.526,26.833,4.001,TRUE,0.239,TRUE,3,21,Amp,0.97,82.428,NA,NA,NA,Y,N,zc_redo,72,28.526,NA,NA,149.8899393,2.175772484
B1,t72,zot-cap,32.208,26.833,4.001,TRUE,0.239,TRUE,3,25,Amp,0.937,82.575,NA,NA,NA,Y,N,zc_redo,72,32.208,NA,NA,12.95620412,1.112477782
B1,t72,zot-cap,26.472,26.833,4.001,TRUE,0.239,TRUE,3,19,Amp,0.97,82.435,NA,NA,NA,Y,N,zc_redo,72,26.472,NA,NA,587.3951616,2.768930365
B1,t72,zot-cap,25.679,26.833,4.001,TRUE,0.239,TRUE,3,18,Amp,0.979,82.458,NA,NA,NA,Y,N,zc_redo,72,25.679,NA,NA,995.2549745,2.997934357
B1,t72,zot-cap,21.281,26.833,4.001,TRUE,0.239,TRUE,3,15,Amp,0.984,82.458,NA,NA,NA,Y,N,zc_redo,72,21.281,NA,NA,18535.1818,4.26799685
B5,t72,zot-cap,17.27,17.271,2.189,TRUE,0.239,TRUE,3,11,Amp,0.975,82.704,NA,NA,NA,Y,N,zc_redo,72,17.27,NA,NA,266870.6263,5.426300775
B5,t72,zot-cap,17.408,17.271,2.189,TRUE,0.239,TRUE,3,12,Amp,0.954,82.704,NA,NA,NA,Y,N,zc_redo,72,17.408,NA,NA,243471.9209,5.386448882
B5,t72,zot-cap,21.42,17.271,2.189,TRUE,0.239,TRUE,3,14,Amp,0.832,82.594,NA,NA,NA,Y,N,zc_redo,72,21.42,NA,NA,16898.81205,4.227856176
B5,t72,zot-cap,16.047,17.271,2.189,TRUE,0.239,TRUE,3,11,Amp,0.983,82.173,NA,NA,NA,Y,N,zc_redo,72,16.047,NA,NA,601839.869,5.779480954
B5,t72,zot-cap,16.261,17.271,2.189,TRUE,0.239,TRUE,3,9,Amp,0.97,82.443,NA,NA,NA,Y,N,zc_redo,72,16.261,NA,NA,522013.3892,5.717681642
B5,t72,zot-cap,15.218,17.271,2.189,TRUE,0.239,TRUE,3,8,Amp,0.968,82.302,NA,NA,NA,Y,N,zc_redo,72,15.218,NA,NA,1044434.219,6.018881092
B2,t60,zot-cap,22.542,18.95,1.79,TRUE,0.239,TRUE,3,16,Amp,0.952,82.428,NA,NA,NA,Y,N,zc_redo,60,22.542,NA,NA,8013.882328,3.903842961
B2,t60,zot-cap,18.777,18.95,1.79,TRUE,0.239,TRUE,3,12,Amp,0.966,82.428,NA,NA,NA,Y,N,zc_redo,60,18.777,NA,NA,97973.03354,4.991106555
B2,t60,zot-cap,17.862,18.95,1.79,TRUE,0.239,TRUE,3,12,Amp,0.965,82.575,NA,NA,NA,Y,N,zc_redo,60,17.862,NA,NA,180028.7768,5.255341931
B2,t60,zot-cap,17.998,18.95,1.79,TRUE,0.239,TRUE,3,13,Amp,0.959,82.295,NA,NA,NA,Y,N,zc_redo,60,17.998,NA,NA,164462.7704,5.216067602
B2,t60,zot-cap,18.108,18.95,1.79,TRUE,0.239,TRUE,3,12,Amp,0.965,82.317,NA,NA,NA,Y,N,zc_redo,60,18.108,NA,NA,152862.7261,5.1843016
B2,t60,zot-cap,18.413,18.95,1.79,TRUE,0.239,TRUE,3,12,Amp,0.966,82.458,NA,NA,NA,Y,N,zc_redo,60,18.413,NA,NA,124802.4588,5.096223142
B5,t76,zot-cap,20.978,21.303,0.391,TRUE,0.239,TRUE,3,16,Amp,0.977,82.424,NA,NA,NA,N,N,zc_redo,76,20.978,NA,NA,22672.41305,4.355497745
B5,t76,zot-cap,22.029,21.303,0.391,TRUE,0.239,TRUE,3,16,Amp,0.965,82.564,NA,NA,NA,N,N,zc_redo,76,22.029,NA,NA,11271.66416,4.051988041
B5,t76,zot-cap,21.356,21.303,0.391,TRUE,0.239,TRUE,3,16,Amp,0.975,82.454,NA,NA,NA,N,N,zc_redo,76,21.356,NA,NA,17633.48744,4.246338213
B5,t76,zot-cap,21.353,21.303,0.391,TRUE,0.239,TRUE,3,15,Amp,0.982,82.454,NA,NA,NA,N,N,zc_redo,76,21.353,NA,NA,17668.69843,4.247204558
B5,t76,zot-cap,21.045,21.303,0.391,TRUE,0.239,TRUE,3,16,Amp,0.983,82.302,NA,NA,NA,N,N,zc_redo,76,21.045,NA,NA,21684.49749,4.336149362
B5,t76,zot-cap,21.058,21.303,0.391,TRUE,0.239,TRUE,3,16,Amp,0.978,82.162,NA,NA,NA,N,N,zc_redo,76,21.058,NA,NA,21497.85843,4.332395199
B2,t72,zot-cap,24.239,22.394,1.156,TRUE,0.239,TRUE,3,17,Amp,0.981,82.288,NA,NA,NA,Y,N,zc_redo,72,24.239,NA,NA,2592.866722,3.413780194
B2,t72,zot-cap,21.519,22.394,1.156,TRUE,0.239,TRUE,3,16,Amp,0.981,82.147,NA,NA,NA,Y,N,zc_redo,72,21.519,NA,NA,15822.19652,4.199266774
B2,t72,zot-cap,20.89,22.394,1.156,TRUE,0.239,TRUE,3,15,Amp,0.985,82.295,NA,NA,NA,Y,N,zc_redo,72,20.89,NA,NA,24038.67612,4.380910546
B2,t72,zot-cap,22.363,22.394,1.156,TRUE,0.239,TRUE,3,16,Amp,0.984,82.295,NA,NA,NA,Y,N,zc_redo,72,22.363,NA,NA,9026.822629,3.955534909
B2,t72,zot-cap,22.894,22.394,1.156,TRUE,0.239,TRUE,3,16,Amp,0.989,82.317,NA,NA,NA,Y,N,zc_redo,72,22.894,NA,NA,6341.496493,3.802191757
B2,t72,zot-cap,22.461,22.394,1.156,TRUE,0.239,TRUE,3,17,Amp,0.983,82.458,NA,NA,NA,Y,N,zc_redo,72,22.461,NA,NA,8457.34972,3.927234289
B3,t36,zot-cap,10.552,10.342,0.545,TRUE,0.239,TRUE,3,6,Amp,0.971,82.007,NA,NA,NA,Y,N,zc_redo,36,10.552,NA,NA,23245404.95,7.366337116
B3,t36,zot-cap,9.973,10.342,0.545,TRUE,0.239,TRUE,3,5,Amp,0.985,82.007,NA,NA,NA,Y,N,zc_redo,36,9.973,NA,NA,34161882.65,7.533541796
B3,t36,zot-cap,9.639,10.342,0.545,TRUE,0.239,TRUE,3,5,Amp,0.983,82.295,NA,NA,NA,Y,N,zc_redo,36,9.639,NA,NA,42657453.7,7.629994928
B3,t36,zot-cap,10.683,10.342,0.545,TRUE,0.239,TRUE,3,6,Amp,0.985,82.435,NA,NA,NA,Y,N,zc_redo,36,10.683,NA,NA,21306234.19,7.328506696
B3,t36,zot-cap,11.13,10.342,0.545,TRUE,0.239,TRUE,3,7,Amp,0.989,82.037,NA,NA,NA,Y,N,zc_redo,36,11.13,NA,NA,15827824.2,7.199421218
B3,t36,zot-cap,10.078,10.342,0.545,TRUE,0.239,TRUE,3,5,Amp,0.972,82.317,NA,NA,NA,Y,N,zc_redo,36,10.078,NA,NA,31858087.75,7.503219704
B3,t60,zot-cap,13.982,15.32,2.499,TRUE,0.239,TRUE,3,9,Amp,0.963,82.147,NA,NA,NA,Y,N,zc_redo,60,13.982,NA,NA,2375830.402,6.375815436
B3,t60,zot-cap,14.119,15.32,2.499,TRUE,0.239,TRUE,3,9,Amp,0.978,82.288,NA,NA,NA,Y,N,zc_redo,60,14.119,NA,NA,2168963.905,6.336252325
B3,t60,zot-cap,14.147,15.32,2.499,TRUE,0.239,TRUE,3,10,Amp,0.959,82.435,NA,NA,NA,Y,N,zc_redo,60,14.147,NA,NA,2128954.763,6.328166433
B3,t60,zot-cap,20.304,15.32,2.499,TRUE,0.239,TRUE,3,13,Amp,0.757,82.575,NA,NA,NA,Y,N,zc_redo,60,20.304,NA,NA,35492.50884,4.550136699
B3,t60,zot-cap,15.378,15.32,2.499,TRUE,0.239,TRUE,3,10,Amp,0.964,82.458,NA,NA,NA,Y,N,zc_redo,60,15.378,NA,NA,939022.5015,5.972675999
B3,t60,zot-cap,13.988,15.32,2.499,TRUE,0.239,TRUE,3,9,Amp,0.966,82.458,NA,NA,NA,Y,N,zc_redo,60,13.988,NA,NA,2366370.51,6.374082745
B3,t72,zot-cap,15.461,14.064,0.787,TRUE,0.239,TRUE,3,9,Amp,0.973,82.288,NA,NA,NA,Y,N,zc_redo,72,15.461,NA,NA,888601.6336,5.948707107
B3,t72,zot-cap,13.716,14.064,0.787,TRUE,0.239,TRUE,3,9,Amp,0.981,82.435,NA,NA,NA,Y,N,zc_redo,72,13.716,NA,NA,2835511.432,6.452631403
B3,t72,zot-cap,13.699,14.064,0.787,TRUE,0.239,TRUE,3,8,Amp,0.989,82.295,NA,NA,NA,Y,N,zc_redo,72,13.699,NA,NA,2867746.073,6.457540694
B3,t72,zot-cap,13.859,14.064,0.787,TRUE,0.239,TRUE,3,8,Amp,0.99,82.317,NA,NA,NA,Y,N,zc_redo,72,13.859,NA,NA,2578312.777,6.411335601
B3,t72,zot-cap,13.587,14.064,0.787,TRUE,0.239,TRUE,3,9,Amp,0.988,82.458,NA,NA,NA,Y,N,zc_redo,72,13.587,NA,NA,3089471.966,6.489884259